-- phpMyAdmin SQL Dump
-- version 3.1.3.1
-- http://www.phpmyadmin.net
--
-- Host: localhost
-- Erstellungszeit: 28. September 2010 um 01:04
-- Server Version: 5.1.33
-- PHP-Version: 5.2.9

SET SQL_MODE="NO_AUTO_VALUE_ON_ZERO";


/*!40101 SET @OLD_CHARACTER_SET_CLIENT=@@CHARACTER_SET_CLIENT */;
/*!40101 SET @OLD_CHARACTER_SET_RESULTS=@@CHARACTER_SET_RESULTS */;
/*!40101 SET @OLD_COLLATION_CONNECTION=@@COLLATION_CONNECTION */;
/*!40101 SET NAMES utf8 */;

--
-- Datenbank: `cerberus`
--

-- --------------------------------------------------------

--
-- Tabellenstruktur für Tabelle `bot`
--

CREATE TABLE IF NOT EXISTS `bot` (
  `id` int(11) unsigned NOT NULL AUTO_INCREMENT,
  `server_id` int(11) unsigned NOT NULL,
  `pid` int(11) unsigned NOT NULL,
  `nick` varchar(255) COLLATE utf8_unicode_ci DEFAULT NULL,
  `start` datetime DEFAULT NULL,
  `stop` datetime DEFAULT NULL,
  `ping` datetime DEFAULT NULL,
  PRIMARY KEY (`id`)
) ENGINE=MyISAM DEFAULT CHARSET=utf8 COLLATE=utf8_unicode_ci AUTO_INCREMENT=1 ;

--
-- Daten für Tabelle `bot`
--


-- --------------------------------------------------------

--
-- Tabellenstruktur für Tabelle `channel`
--

CREATE TABLE IF NOT EXISTS `channel` (
  `id` int(11) NOT NULL AUTO_INCREMENT,
  `bot_id` int(11) NOT NULL,
  `channel` varchar(255) COLLATE utf8_unicode_ci NOT NULL,
  `topic` text COLLATE utf8_unicode_ci NOT NULL,
  PRIMARY KEY (`id`)
) ENGINE=MyISAM DEFAULT CHARSET=utf8 COLLATE=utf8_unicode_ci AUTO_INCREMENT=1 ;

--
-- Daten für Tabelle `channel`
--


-- --------------------------------------------------------

--
-- Tabellenstruktur für Tabelle `channellist`
--

CREATE TABLE IF NOT EXISTS `channellist` (
  `id` int(11) unsigned NOT NULL AUTO_INCREMENT,
  `network` varchar(200) COLLATE utf8_unicode_ci NOT NULL,
  `channel` varchar(200) COLLATE utf8_unicode_ci NOT NULL,
  `user` int(11) unsigned NOT NULL,
  `topic` text COLLATE utf8_unicode_ci NOT NULL,
  `time` datetime NOT NULL,
  PRIMARY KEY (`id`)
) ENGINE=MyISAM DEFAULT CHARSET=utf8 COLLATE=utf8_unicode_ci AUTO_INCREMENT=1 ;

--
-- Daten für Tabelle `channellist`
--


-- --------------------------------------------------------

--
-- Tabellenstruktur für Tabelle `channel_user`
--

CREATE TABLE IF NOT EXISTS `channel_user` (
  `id` int(11) NOT NULL AUTO_INCREMENT,
  `bot_id` int(11) NOT NULL,
  `channel` varchar(255) COLLATE utf8_unicode_ci NOT NULL,
  `user` varchar(255) COLLATE utf8_unicode_ci NOT NULL,
  `mode` enum('','+','@') COLLATE utf8_unicode_ci NOT NULL,
  PRIMARY KEY (`id`)
) ENGINE=MyISAM DEFAULT CHARSET=utf8 COLLATE=utf8_unicode_ci AUTO_INCREMENT=1 ;

--
-- Daten für Tabelle `channel_user`
--


-- --------------------------------------------------------

--
-- Tabellenstruktur für Tabelle `color`
--

CREATE TABLE IF NOT EXISTS `color` (
  `id` int(10) unsigned NOT NULL,
  `color` varchar(7) COLLATE utf8_unicode_ci NOT NULL,
  UNIQUE KEY `id` (`id`),
  UNIQUE KEY `color` (`color`)
) ENGINE=MyISAM DEFAULT CHARSET=utf8 COLLATE=utf8_unicode_ci;

--
-- Daten für Tabelle `color`
--

INSERT INTO `color` (`id`, `color`) VALUES
(0, '#FFFFFF'),
(1, '#000000'),
(2, '#00007F'),
(3, '#009300'),
(4, '#FF0000'),
(5, '#7F0000'),
(6, '#9C009C'),
(7, '#FC7F00'),
(8, '#FFFF00'),
(9, '#00FC00'),
(10, '#009393'),
(11, '#00FFFF'),
(12, '#0000FC'),
(13, '#FF00FF'),
(14, '#7F7F7F'),
(15, '#D2D2D2');

-- --------------------------------------------------------

--
-- Tabellenstruktur für Tabelle `log`
--

CREATE TABLE IF NOT EXISTS `log` (
  `id` int(11) unsigned NOT NULL AUTO_INCREMENT,
  `bot_id` int(11) unsigned NOT NULL,
  `network` varchar(200) COLLATE utf8_unicode_ci NOT NULL,
  `nick` varchar(200) COLLATE utf8_unicode_ci NOT NULL,
  `host` varchar(200) COLLATE utf8_unicode_ci NOT NULL,
  `command` varchar(200) COLLATE utf8_unicode_ci NOT NULL,
  `rest` varchar(200) COLLATE utf8_unicode_ci NOT NULL,
  `text` text COLLATE utf8_unicode_ci NOT NULL,
  `all` text COLLATE utf8_unicode_ci NOT NULL,
  `time` datetime NOT NULL,
  `direction` enum('in','out') COLLATE utf8_unicode_ci NOT NULL DEFAULT 'in',
  PRIMARY KEY (`id`)
) ENGINE=MyISAM DEFAULT CHARSET=utf8 COLLATE=utf8_unicode_ci AUTO_INCREMENT=1 ;

--
-- Daten für Tabelle `log`
--


-- --------------------------------------------------------

--
-- Tabellenstruktur für Tabelle `network`
--

CREATE TABLE IF NOT EXISTS `network` (
  `id` int(11) unsigned NOT NULL AUTO_INCREMENT,
  `network` varchar(255) COLLATE utf8_unicode_ci NOT NULL,
  PRIMARY KEY (`id`),
  UNIQUE KEY `network` (`network`)
) ENGINE=MyISAM  DEFAULT CHARSET=utf8 COLLATE=utf8_unicode_ci AUTO_INCREMENT=334 ;

--
-- Daten für Tabelle `network`
--

INSERT INTO `network` (`id`, `network`) VALUES
(1, 'Abjects'),
(2, 'AbleNET'),
(3, 'ABlinux'),
(4, 'Absurd-IRC'),
(5, 'Accessirc'),
(6, 'ACKnet'),
(7, 'AfterNET'),
(8, 'AfterX'),
(9, 'AllNetwork'),
(10, 'AmberNet'),
(11, 'AmCool'),
(12, 'AngelEyez'),
(13, 'AnimeIRCnet'),
(14, 'Aniverse'),
(15, 'ArabChat'),
(16, 'ArabGroup'),
(17, 'Ascends'),
(18, 'AshNet'),
(19, 'AstroLink'),
(20, 'Asylo'),
(21, 'Asylumnet'),
(22, 'Atrum'),
(23, 'AustChat'),
(24, 'AustNet'),
(25, 'AwesomeChat'),
(26, 'Axenet'),
(27, 'Azzurra'),
(28, 'BDSMnet'),
(29, 'Beatmix'),
(30, 'Beirut'),
(31, 'Beyondirc'),
(32, 'BigPond'),
(33, 'BittahIRC'),
(34, 'BlabberNet'),
(35, 'Blitzed'),
(36, 'BlueHell'),
(37, 'BolChat'),
(38, 'bonGster'),
(39, 'Bothouse'),
(40, 'Broken-Pipe'),
(41, 'Brokenirc'),
(42, 'Burmese'),
(43, 'Caelestia'),
(44, 'CAJnet'),
(45, 'CentralChat'),
(46, 'ChakraNET'),
(47, 'Chat4all'),
(48, 'Chataholic'),
(49, 'Chatcafe'),
(50, 'Chatchannel'),
(51, 'ChatCircuit'),
(52, 'ChatFactory'),
(53, 'ChatLink'),
(54, 'Chatnet'),
(55, 'ChatNPlay'),
(56, 'Chatsociety'),
(57, 'ChatSpike'),
(58, 'Chatster'),
(59, 'ChattingAway'),
(60, 'ChatW'),
(61, 'ChatX'),
(62, 'Chikahan'),
(63, 'China263'),
(64, 'Ciudad'),
(65, 'CivIRC'),
(66, 'CodersNet'),
(67, 'Coolchat'),
(68, 'CuteBangla'),
(69, 'Cyanide-x'),
(70, 'Cyberarmy'),
(71, 'D00mnet'),
(72, 'DALnet'),
(73, 'Damage-IRC'),
(74, 'Dark-Storm'),
(75, 'Dark-Tou-Net'),
(76, 'Darkfire'),
(77, 'DarkMyst'),
(78, 'Darktree'),
(79, 'Datawhore'),
(80, 'DeepIRC'),
(81, 'Deepspace'),
(82, 'Delinked'),
(83, 'DeviantART'),
(84, 'DhCNetwork'),
(85, 'Different'),
(86, 'Digitalirc'),
(87, 'Discussioni'),
(88, 'DorukNet'),
(89, 'Dream-Irc'),
(90, 'DrLnet'),
(91, 'DungeonChat'),
(92, 'DwChatta.com'),
(93, 'Dynastynet'),
(94, 'Echo34'),
(95, 'ECNet'),
(96, 'EFnet'),
(97, 'eKyNoX.net'),
(98, 'Elevanet'),
(99, 'EntertheGame'),
(100, 'EpicIRC'),
(101, 'EsperNet'),
(102, 'euIRCnet'),
(103, 'EuropeIRC'),
(104, 'EuropNet'),
(105, 'EverywhereChat'),
(106, 'EYErc'),
(107, 'Falcon-IRC'),
(108, 'FBN'),
(109, 'FDFnet'),
(110, 'FEFnet'),
(111, 'Financialchat'),
(112, 'Forestnet'),
(113, 'ForeverChat'),
(114, 'ForTheGamers'),
(115, 'Freenode'),
(116, 'Freequest'),
(117, 'FroZyn'),
(118, 'FunNet'),
(119, 'FusionChat'),
(120, 'GalaxyNet'),
(121, 'GamesNET'),
(122, 'GameSurge'),
(123, 'GammaForce'),
(124, 'German-Elite'),
(125, 'German-freakz'),
(126, 'GigaCrew'),
(127, 'GigaIRC'),
(128, 'Global-IRC'),
(129, 'Globalchat'),
(130, 'GlobalGamers'),
(131, 'GlobalPinoy'),
(132, 'Goldchat'),
(133, 'Goodchatting'),
(134, 'GreekIRC'),
(135, 'GRnet'),
(136, 'HabberNet'),
(137, 'HeavenlyPlace'),
(138, 'HeliosChat'),
(139, 'HellasIRC'),
(140, 'Hollimyer'),
(141, 'i4F'),
(142, 'IA-NET'),
(143, 'IBoomChat'),
(144, 'Illumichat'),
(145, 'Immortal-Anime'),
(146, 'Imperium'),
(147, 'Infomatrix'),
(148, 'insiderZ.DE'),
(149, 'IRC-Chat'),
(150, 'IRC-Chile'),
(151, 'IRC-Domain.Org'),
(152, 'IRC-Evolution'),
(153, 'IRC-Hispano'),
(154, 'IRC.BY'),
(155, 'IRC2'),
(156, 'IRCHighway'),
(157, 'IRCLab'),
(158, 'IRCnet'),
(159, 'IrCQNet'),
(160, 'IrcSuper'),
(161, 'IRCtoo'),
(162, 'IRCube'),
(163, 'IrcWorld'),
(164, 'IRDSI'),
(165, 'is-1337'),
(166, 'isoGames'),
(167, 'Jaundies'),
(168, 'JesusFreak-IRC'),
(169, 'JetIRC'),
(170, 'JuggaloIRCNet'),
(171, 'Junkynet'),
(172, 'KampungChat'),
(173, 'Karacay'),
(174, 'KDFSnet'),
(175, 'Kenthaber'),
(176, 'Kickchat'),
(177, 'KissRadioFM'),
(178, 'KnightIRC'),
(179, 'Knightnet'),
(180, 'Kreynet'),
(181, 'Krono'),
(182, 'KukaiOnline'),
(183, 'LandOLeet'),
(184, 'Langochat'),
(185, 'LaZy'),
(186, 'LDSircNet'),
(187, 'Lepaknet'),
(188, 'Librenet'),
(189, 'LichtSnel'),
(190, 'LinkNet'),
(191, 'LobiNET'),
(192, 'Maddshark'),
(193, 'Madtiger'),
(194, 'MagicStar'),
(195, 'Malaynet'),
(196, 'MASChat'),
(197, 'Matrix-Net'),
(198, 'Maximacoatza'),
(199, 'MemphisNet'),
(200, 'MILDnet'),
(201, 'Mistrider'),
(202, 'MMOIRC'),
(203, 'Mozilla'),
(204, 'MuggleNet'),
(205, 'Muhabbet'),
(206, 'Muhabbet.Org'),
(207, 'MusiChat'),
(208, 'Necron'),
(209, 'NeoturbineNET'),
(210, 'NeoXys'),
(211, 'Netgamers'),
(212, 'Netmassif'),
(213, 'Nevernet'),
(214, 'Newnet'),
(215, 'Nexusirc'),
(216, 'NightStar'),
(217, 'Ninth-Gate'),
(218, 'NiX'),
(219, 'Novernet'),
(220, 'NullIRC'),
(221, 'NullusNet'),
(222, 'NWS-IRC'),
(223, 'OblivionIRC'),
(224, 'ObsidianIRC'),
(225, 'Oceanius'),
(226, 'OflooIRC'),
(227, 'Othernet'),
(228, 'OtherWorlders'),
(229, 'Outsiderz'),
(230, 'OverDrive'),
(231, 'Oz.org'),
(232, 'P2PChat'),
(233, 'PhaseNet'),
(234, 'PhatNET'),
(235, 'PhaZeNet'),
(236, 'PhooNet'),
(237, 'PhrenzyIRC'),
(238, 'POLNet'),
(239, 'PowerPrecision'),
(240, 'PTnet'),
(241, 'Quakenet'),
(242, 'Razor-Irc'),
(243, 'Realirc'),
(244, 'Red-Latina'),
(245, 'RevolutionIrc'),
(246, 'Rezosup'),
(247, 'Risanet'),
(248, 'Rizon'),
(249, 'RomaniaIRC'),
(250, 'Roofstar'),
(251, 'Rootspirit'),
(252, 'Rusnet'),
(253, 'Satanic-Chat'),
(254, 'Scifi-Net'),
(255, 'SerbianCafe'),
(256, 'Serenia'),
(257, 'Serenity-IRC'),
(258, 'SexNet'),
(259, 'ShadowFire'),
(260, 'ShadowWorld'),
(261, 'SimosNap'),
(262, 'Sinoptic'),
(263, 'Slacked'),
(264, 'Slashnet'),
(265, 'Smart-IRC'),
(266, 'SNM'),
(267, 'SocialDisaster'),
(268, 'Sohbet'),
(269, 'SolarNet'),
(270, 'SorceryNet'),
(271, 'SpaceTronix'),
(272, 'SpecialNet'),
(273, 'SpiderNet'),
(274, 'ST-City'),
(275, 'StarChat'),
(276, 'Starfusion'),
(277, 'Starlink-irc'),
(278, 'StarLink.Org'),
(279, 'StayNet'),
(280, 'Stitchspage'),
(281, 'StormNineNet'),
(282, 'Striked'),
(283, 'Succuba'),
(284, 'Suskun.Net'),
(285, 'SwiftIRC'),
(286, 'Synchronet'),
(287, 'SyrolNet'),
(288, 'Taiwan-IRC'),
(289, 'TalkingIRC'),
(290, 'TeKLAN'),
(291, 'Teranova.net'),
(292, 'ThE-ZonE.neT'),
(293, 'ThunderCity'),
(294, 'TopIRCNet'),
(295, 'TotalIRC'),
(296, 'TVEps'),
(297, 'UICN'),
(298, 'uIRC'),
(299, 'UKchatterbox'),
(300, 'Umbranet'),
(301, 'UnderMind'),
(302, 'Undernet'),
(303, 'UniBG'),
(304, 'UnionLatina'),
(305, 'URChat'),
(306, 'VirtuaLife'),
(307, 'VirtuaNet'),
(308, 'Voila'),
(309, 'WeArab'),
(310, 'WebChat'),
(311, 'Webcomm'),
(312, 'WebMas'),
(313, 'WhatNet'),
(314, 'WikkedWire'),
(315, 'WildGhosts'),
(316, 'Windfyre'),
(317, 'WonderNet'),
(318, 'WorldIRC'),
(319, 'Worldnet'),
(320, 'WoWIRC'),
(321, 'WyldRyde'),
(322, 'XAngelz'),
(323, 'Xelium'),
(324, 'XentoniX'),
(325, 'Xevion'),
(326, 'XNet'),
(327, 'Xtris'),
(328, 'ZAnetNet'),
(329, 'ZAnetOrg'),
(330, 'ZeroFuzion'),
(331, 'ZiRC'),
(332, 'ZUHnet'),
(333, 'ZurnaNet');

-- --------------------------------------------------------

--
-- Tabellenstruktur für Tabelle `preform`
--

CREATE TABLE IF NOT EXISTS `preform` (
  `id` int(11) unsigned NOT NULL AUTO_INCREMENT,
  `network` varchar(200) COLLATE utf8_unicode_ci NOT NULL,
  `text` text COLLATE utf8_unicode_ci NOT NULL,
  `priority` enum('low','medium','high') COLLATE utf8_unicode_ci NOT NULL DEFAULT 'medium',
  PRIMARY KEY (`id`)
) ENGINE=MyISAM DEFAULT CHARSET=utf8 COLLATE=utf8_unicode_ci AUTO_INCREMENT=1 ;

--
-- Daten für Tabelle `preform`
--


-- --------------------------------------------------------

--
-- Tabellenstruktur für Tabelle `server`
--

CREATE TABLE IF NOT EXISTS `server` (
  `id` int(11) unsigned NOT NULL AUTO_INCREMENT,
  `network_id` int(11) unsigned NOT NULL,
  `name` varchar(255) COLLATE utf8_unicode_ci NOT NULL,
  `server` varchar(255) COLLATE utf8_unicode_ci NOT NULL,
  PRIMARY KEY (`id`),
  UNIQUE KEY `server` (`server`)
) ENGINE=MyISAM  DEFAULT CHARSET=utf8 COLLATE=utf8_unicode_ci AUTO_INCREMENT=413 ;

--
-- Daten für Tabelle `server`
--

INSERT INTO `server` (`id`, `network_id`, `name`, `server`) VALUES
(1, 1, 'Random server', 'irc.abjects.net'),
(2, 2, 'Random server', 'irc.ablenet.org'),
(3, 3, 'Random server', 'irc.ablinux.net'),
(4, 4, 'Random server', 'irc.absurd-irc.net'),
(5, 5, 'Random server', 'irc.accessirc.net'),
(6, 6, 'Random server', 'irc.acknet.org'),
(7, 7, 'Random server', 'irc.afternet.org'),
(8, 8, 'Random server', 'irc.afterx.net'),
(9, 9, 'Random server', 'irc.allnetwork.org'),
(10, 10, 'EU, Sweden', 'irc.ambernet.se'),
(11, 11, 'Random server', 'irc.amcool.net'),
(12, 12, 'Random server', 'irc.angeleyez.net'),
(13, 13, 'Random server', 'irc.animeirc.de'),
(14, 14, 'Random server', 'irc.aniverse.com'),
(15, 15, 'Random server', 'irc.arabchat.net'),
(16, 16, 'Random server', 'irc.arabgroup.org'),
(17, 17, 'Random server', 'irc.ascends.net'),
(18, 18, 'Random server', 'irc.ashnet.org'),
(19, 19, 'Random server', 'irc.astrolink.org'),
(20, 20, 'Random server', 'irc.asylo.com'),
(21, 21, 'Random server', 'irc.asylum-net.org'),
(22, 22, 'Random server', 'irc.atrum.org'),
(23, 23, 'Random server', 'irc.austchat.net'),
(24, 24, 'Random server', 'irc.austnet.org'),
(25, 24, 'Random AU server', 'au.austnet.org'),
(26, 24, 'Random SG server', 'sg.austnet.org'),
(27, 25, 'Random server', 'irc.awesomechat.net'),
(28, 26, 'Random server', 'irc.axenet.org'),
(29, 27, 'Random server', 'irc.eu.azzurra.org'),
(30, 28, 'Random server', 'irc.bdsm-net.com'),
(31, 29, 'Random server', 'chat.beatmix.org'),
(32, 30, 'Random server', 'irc.beirut.com'),
(33, 31, 'Random server', 'irc2.beyondirc.net'),
(34, 32, 'Random server', 'irc.bigpond.com'),
(35, 33, 'Random server', 'irc.bittah.com'),
(36, 34, 'Random server', 'irc.blabber.net'),
(37, 35, 'Random server', 'irc.blitzed.org'),
(38, 36, 'Random server', 'irc.bluehell.org'),
(39, 37, 'Random server', 'irc.bolchat.org'),
(40, 38, 'Random server', 'irc.bongster.org'),
(41, 39, 'Random server', 'irc.bothouse.net'),
(42, 40, 'Random server', 'irc.broken-pipe.net'),
(43, 41, 'Random server', 'irc.brokenirc.net'),
(44, 42, 'Random server', 'irc.burmeseonline.org'),
(45, 43, 'Random server', 'irc.caelestia.net'),
(46, 44, 'Random server', 'irc.cajnet.com'),
(47, 45, 'Random server', 'irc.centralchat.net'),
(48, 46, 'Random server', 'irc.chakranet.com'),
(49, 47, 'Random server', 'irc.chat4all.org'),
(50, 48, 'Random server', 'irc.chataholic.net'),
(51, 49, 'Random server', 'irc.chatcafe.net'),
(52, 50, 'Random server', 'irc.chatchannel.org'),
(53, 51, 'Random server', 'irc.chatcircuit.com'),
(54, 52, 'Random server', 'irc.chatfactory.net'),
(55, 53, 'Random server', 'irc.chatlink.org'),
(56, 54, 'Random server', 'irc.chatnet.org'),
(57, 55, 'Random server', 'irc.chatnplay.net'),
(58, 56, 'Random server', 'irc.chatsociety.net'),
(59, 57, 'Random server', 'irc.chatspike.net'),
(60, 58, 'Random server', 'irc.chatster.org'),
(61, 59, 'Random server', 'irc.chattingaway.com'),
(62, 60, 'Random server', 'irc.chatw.net'),
(63, 61, 'Random server', 'irc.chatx.net'),
(64, 62, 'Random server', 'irc.chikahan.com'),
(65, 63, 'Random server', 'irc.263.net'),
(66, 64, 'Random server', 'conectados.ciudad.com.ar'),
(67, 65, 'Random server', 'irc.civirc.com'),
(68, 66, 'Random server', 'irc.codersnet.org'),
(69, 67, 'Random server', 'irc.coolchat.net'),
(70, 68, 'Random server', 'irc.cutebangla.com'),
(71, 69, 'Random server', 'irc.cyanide-x.net'),
(72, 70, 'Random server', 'irc.cyberarmy.net'),
(73, 71, 'Random US server', 'irc.d00mnet.com'),
(74, 72, 'Random server', 'irc.dal.net'),
(75, 72, 'AS, MY, Mesra', 'mesra.kl.my.dal.net'),
(76, 72, 'AS, SG, Hotspeed', 'hotspeed.sg.as.dal.net'),
(77, 72, 'EU, NO, Powertech', 'powertech.no.eu.dal.net'),
(78, 72, 'US, FL, Rumble', 'rumble.fl.us.dal.net'),
(79, 72, 'US, NY, Broadway', 'broadway.ny.us.dal.net'),
(80, 73, 'Random server', 'irc.damage-irc.net'),
(81, 74, 'Random server', 'irc.dark-storm.net'),
(82, 75, 'Random server', 'irc.d-t-net.de'),
(83, 76, 'Random server', 'irc.darkfire.net'),
(84, 77, 'Random server', 'irc.darkmyst.org'),
(85, 78, 'Random server', 'irc.darktree.net'),
(86, 79, 'Random server', 'irc.datawhore.net'),
(87, 80, 'Random server', 'irc.deepirc.net'),
(88, 81, 'Disability network', 'irc.deepspace.org'),
(89, 82, 'Random server', 'irc.delinked.us'),
(90, 83, 'Random server', 'irc.deviantart.com'),
(91, 84, 'Random server', 'irc.dhcnetwork.com'),
(92, 85, 'Random server', 'irc.different.net'),
(93, 86, 'Random server', 'irc.digitalirc.net'),
(94, 87, 'Random server', 'irc.discussioni.org'),
(95, 88, 'TR, Istanbul', 'irc.doruk.net.tr'),
(96, 89, 'Random server', 'dream-irc.de'),
(97, 90, 'Random server', 'irc.drlnet.com'),
(98, 91, 'Random server', 'irc.dungeonchat.net'),
(99, 92, 'Random server', 'irc.dwchatta.com'),
(100, 93, 'Random server', 'irc.dynastynet.net'),
(101, 94, 'Random server', 'irc.echo34.com'),
(102, 95, 'Random server', 'irc.ecnet.org'),
(103, 96, 'Random server', 'irc.efnet.info'),
(104, 96, 'Random server', 'irc.efnet.org'),
(105, 96, 'AS, Israel', 'irc.inter.net.il'),
(106, 96, 'CA, ON, Toronto', 'irc.igs.ca'),
(107, 96, 'EU, DK, Aarhus', 'irc.inet.tele.dk'),
(108, 96, 'EU, FI, Helsinki', 'efnet.cs.hut.fi'),
(109, 96, 'EU, HU, Pecs', 'irc.pte.hu'),
(110, 96, 'EU, NL, Amsterdam', 'efnet.xs4all.nl'),
(111, 96, 'EU, NL, Ede', 'irc.efnet.nl'),
(112, 96, 'EU, NO, Homelien', 'irc.homelien.no'),
(113, 96, 'EU, NO, Oslo', 'irc.daxnet.no'),
(114, 96, 'EU, PL, Warszawa', 'irc.efnet.pl'),
(115, 96, 'EU, SE, Borlange', 'irc.du.se'),
(116, 96, 'EU, UK, London', 'efnet.demon.co.uk'),
(117, 96, 'US, AZ, Phoenix (Blackened)', 'irc.blackened.com'),
(118, 96, 'US, AZ, Phoenix (Easynews)', 'irc.easynews.com'),
(119, 96, 'US, CA, San Jose (Blessed)', 'irc.blessed.net'),
(120, 96, 'US, CA, San Jose (He)', 'irc.he.net'),
(121, 96, 'US, CA, San Luis Obispo', 'irc.prison.net'),
(122, 96, 'US, FL, Boca Raton', 'irc.wh.verio.net'),
(123, 96, 'US, FL, Orlando', 'irc.colosolutions.net'),
(124, 96, 'US, GA, Atlanta', 'irc.mindspring.com'),
(125, 96, 'US, IL, Chicago', 'irc.servercentral.net'),
(126, 96, 'US, MI, Ann Arbor', 'irc.umich.edu'),
(127, 96, 'US, MN, Twin Cities', 'irc.umn.edu'),
(128, 96, 'US, NJ, New Jersey', 'irc.choopa.net'),
(129, 96, 'US, NY, New York', 'irc.nac.net'),
(130, 97, 'Random server', 'irc.ekynox.net'),
(131, 98, 'Random server', 'irc.elevanet.fr'),
(132, 99, 'Random server', 'irc.enterthegame.com'),
(133, 100, 'Random server', 'irc.epicirc.net'),
(134, 101, 'Random server', 'irc.esper.net'),
(135, 102, 'Random server', 'irc.euirc.net'),
(136, 103, 'Random server', 'irc.europeirc.org'),
(137, 104, 'Random server', 'irc.europnet.org'),
(138, 105, 'Random server', 'irc.everywherechat.com'),
(139, 106, 'Random server', 'irc.eyerc.net'),
(140, 107, 'Random server', 'irc.falcon-irc.net'),
(141, 108, 'Random server', 'irc.fbnet.org'),
(142, 109, 'Random server', 'irc.fdfnet.net'),
(143, 110, 'Random server', 'irc.fef.net'),
(144, 111, 'Random server', 'irc.financialchat.com'),
(145, 112, 'Random server', 'irc.forestnet.org'),
(146, 113, 'Random server', 'irc.foreverchat.net'),
(147, 114, 'Random server', 'irc.forthegamers.org'),
(148, 115, 'Random server', 'chat.freenode.net'),
(149, 116, 'Random server', 'irc.freequest.net'),
(150, 117, 'Random server', 'irc.frozyn.info'),
(151, 118, 'Random server', 'irc.funnet.org'),
(152, 119, 'Random server', 'irc.fusionchat.org'),
(153, 120, 'Random server', 'irc.galaxynet.org'),
(154, 120, 'MA, US, Boston', 'boston.ma.us.galaxynet.org'),
(155, 121, 'Random server', 'irc.gamesnet.net'),
(156, 122, 'Random server', 'irc.gamesurge.net'),
(157, 122, 'Random EU server', 'irc.eu.gamesurge.net'),
(158, 123, 'Random server', 'irc.gammaforce.org'),
(159, 124, 'Random server', 'irc.german-elite.net'),
(160, 125, 'Random server', 'irc.german-freakz.net'),
(161, 126, 'Random server', 'irc.gigacrew.net'),
(162, 127, 'Random server', 'irc.gigairc.net'),
(163, 128, 'Random server', 'irc.global-irc.com'),
(164, 129, 'Random server', 'irc.globalchat.org'),
(165, 130, 'Random server', 'irc.globalgamerscenter.net'),
(166, 131, 'Random server', 'irc.globalpinoy.org'),
(167, 132, 'Random server', 'irc.goldchat.nl'),
(168, 133, 'Random server', 'irc.goodchatting.com'),
(169, 134, 'Random server', 'irc.greekirc.net'),
(170, 135, 'Random server', 'srv.irc.gr'),
(171, 136, 'Random server', 'irc.habber.net'),
(172, 137, 'Random server', 'irc.heavenlyplace.net'),
(173, 138, 'Random server', 'irc.heliosnet.org'),
(174, 139, 'Random server', 'irc.hellasirc.net'),
(175, 140, 'Random server', 'irc.hollimyer.com'),
(176, 141, 'Random server', 'irc.irc4friends.org'),
(177, 142, 'Random server', 'irc.ia-net.net'),
(178, 143, 'Random server', 'irc.iboomchat.com'),
(179, 144, 'Random server', 'irc.illumichat.net'),
(180, 145, 'Random server', 'irc.immortal-anime.net'),
(181, 146, 'Random server', 'irc.imperium.ca'),
(182, 147, 'Random server', 'irc.infomatrix.net'),
(183, 148, 'Random server', 'irc.insiderz.de'),
(184, 149, 'Random server', 'irc.irc-chat.net'),
(185, 150, 'Random server', 'irc.cl'),
(186, 151, 'Random server', 'irc.irc-domain.org'),
(187, 152, 'Random server', 'IRC.IRC-Evolution.Org'),
(188, 153, 'Random server', 'irc.irc-hispano.org'),
(189, 154, 'Main server', 'irc.by'),
(190, 155, 'Random server', 'irc.irc2.hu'),
(191, 156, 'Random server', 'irc.irchighway.net'),
(192, 157, 'Random server', 'irc.irclab.net'),
(193, 158, 'Random server', 'irc.ircnet.com'),
(194, 158, 'Random US server', 'irc.us.ircnet.net'),
(195, 158, 'AS, IL, Haifa', 'ircnet.netvision.net.il'),
(196, 158, 'AS, JP, Tokyo', 'irc.tokyo.wide.ad.jp'),
(197, 158, 'AS, TW, Seed', 'irc.seed.net.tw'),
(198, 158, 'EU, AT, Linz', 'linz.irc.at'),
(199, 158, 'EU, AT, Wien', 'vienna.irc.at'),
(200, 158, 'EU, BE, Brussels', 'irc.skynet.be'),
(201, 158, 'EU, CH, Basel', 'irc.datacomm.ch'),
(202, 158, 'EU, CZ, Prague', 'irc.felk.cvut.cz'),
(203, 158, 'EU, DE, Random', 'random.ircd.de'),
(204, 158, 'EU, DK, Copenhagen', 'irc.ircnet.dk'),
(205, 158, 'EU, FI, Helsinki', 'irc.cs.hut.fi'),
(206, 158, 'EU, HU, Budapest', 'irc.elte.hu'),
(207, 158, 'EU, IS, Reykjavik', 'irc.simnet.is'),
(208, 158, 'EU, IT, Rome', 'irc.tin.it'),
(209, 158, 'EU, LV, Riga', 'irc.apollo.lv'),
(210, 158, 'EU, NL, Amsterdam (uunet)', 'irc.uunet.nl'),
(211, 158, 'EU, NL, Amsterdam (xs4all)', 'irc.xs4all.nl'),
(212, 158, 'EU, NL, Enschede', 'irc.snt.utwente.nl'),
(213, 158, 'EU, NO, Oslo', 'irc.ifi.uio.no'),
(214, 158, 'EU, NO, Trondheim', 'irc.pvv.ntnu.no'),
(215, 158, 'EU, PL, Lublin', 'lublin.irc.pl'),
(216, 158, 'EU, PL, Warsaw', 'warszawa.irc.pl'),
(217, 158, 'EU, RU, Moscow', 'irc.ru'),
(218, 158, 'EU, SE, Lulea', 'irc.ludd.luth.se'),
(219, 158, 'EU, SE, Stockholm', 'irc.swipnet.se'),
(220, 158, 'EU, UK, London', 'ircnet.demon.co.uk'),
(221, 158, 'US, NJ, Jersey City', 'ircnet.choopa.net'),
(222, 158, 'US, WA, Washington', 'irc1.us.ircnet.net'),
(223, 159, 'Random server', 'irc.icq.com'),
(224, 160, 'Random server', 'irc.ircsuper.net'),
(225, 161, 'Random server', 'irc.irctoo.net'),
(226, 162, 'Random server', 'irc.ircube.org'),
(227, 163, 'Random server', 'irc.ircworld.nl'),
(228, 164, 'Random server', 'irc.irdsi.net'),
(229, 165, 'Random server', 'irc.is-1337.org'),
(230, 166, 'Random server', 'irc.isogames.com'),
(231, 167, 'Random server', 'irc.jaundies.com'),
(232, 168, 'Random server', 'irc.jesusfreak-irc.com'),
(233, 169, 'Random server', 'irc.jetirc.net'),
(234, 170, 'Random server', 'irc.juggaloirc.net'),
(235, 171, 'Random server', 'irc.junkynet.org'),
(236, 172, 'Random server', 'irc.kampungchat.org'),
(237, 173, 'Random server', 'irc.karacay.com'),
(238, 174, 'Random server', 'irc.kdfs.net'),
(239, 175, 'Random server', 'irc.kenthaber.com'),
(240, 176, 'Random server', 'irc.kickchat.com'),
(241, 177, 'Random server', 'irc.kissradiofm.org'),
(242, 178, 'Random server', 'irc.knightirc.net'),
(243, 179, 'AF, ZA, Durban', 'orc.dbn.za.knightnet.net'),
(244, 179, 'US, CA, Goldengate', 'goldengate.ca.us.knightnet.net'),
(245, 180, 'Random server', 'irc.krey.net'),
(246, 181, 'Random server', 'irc.krono.net'),
(247, 182, 'Random server', 'irc.kukaionline.com'),
(248, 183, 'Random server', 'irc.landoleet.org'),
(249, 184, 'Random server', 'irc.langochat.net'),
(250, 185, 'Random server', 'irc.lazy-net.de'),
(251, 186, 'Random server', 'irc.ldsirc.net'),
(252, 187, 'Random server', 'irc.lepaknet.org'),
(253, 188, 'Random server', 'irc.librenet.net'),
(254, 189, 'Random server', 'irc.lichtsnel.nl'),
(255, 190, 'Random server', 'irc.link-net.org'),
(256, 191, 'Random server', 'irc.lobi.net'),
(257, 192, 'Random server', 'irc.maddshark.net'),
(258, 193, 'Random server', 'irc.madtiger.org'),
(259, 194, 'Random server', 'irc.magicstar.net'),
(260, 195, 'Random server', 'irc.malaynet.org'),
(261, 196, 'Random server', 'irc.maschat.com'),
(262, 197, 'Random server', 'irc.matrix-network.org'),
(263, 198, 'Random server', 'irc.maximacoatza.com'),
(264, 199, 'Random server', 'irc.memphisnet.org'),
(265, 200, 'Random server', 'irc.mildnet.org'),
(266, 201, 'Random server', 'irc.mistrider.net'),
(267, 202, 'Random server', 'irc.mmoirc.com'),
(268, 203, 'Random server', 'irc.mozilla.org'),
(269, 204, 'Random server', 'irc.mugglenet.com'),
(270, 205, 'Random server', 'irc.muhabbet.net'),
(271, 206, 'Random server', 'irc.muhabbet.org'),
(272, 207, 'Random server', 'irc.musichat.net'),
(273, 208, 'Random server', 'irc.necron.org'),
(274, 209, 'Random server', 'irc.neoturbine.net'),
(275, 210, 'Random server', 'irc.neoxys.org'),
(276, 211, 'Random server', 'irc.netgamers.org'),
(277, 212, 'Random server', 'irc.netmassif.org'),
(278, 213, 'Random server', 'irc.nevernet.net'),
(279, 214, 'Random server', 'irc.newnet.net'),
(280, 215, 'Random server', 'irc.nexusirc.org'),
(281, 216, 'Random server', 'irc.nightstar.net'),
(282, 217, 'Random server', 'irc.ninth-gate.org'),
(283, 218, 'Random server', 'irc.nix.co.il'),
(284, 219, 'Random server', 'irc.novernet.com'),
(285, 220, 'Random server', 'irc.nullirc.net'),
(286, 221, 'Random server', 'irc.nullus.net'),
(287, 222, 'Random server', 'irc.nws-irc.co.uk'),
(288, 223, 'Random server', 'irc.oblivionirc.net'),
(289, 224, 'Random server', 'irc.outz.com'),
(290, 225, 'Random server', 'irc.oceanius.com'),
(291, 226, 'Random server', 'irc.ofloo.net'),
(292, 227, 'Random server', 'irc.othernet.org'),
(293, 228, 'Random server', 'irc.otherworlders.org'),
(294, 229, 'Random server', 'irc.outsiderz.com'),
(295, 230, 'Random server', 'irc.overdriveirc.net'),
(296, 231, 'Random server', 'irc.oz.org'),
(297, 232, 'Random server', 'irc.p2pchat.net'),
(298, 233, 'Random server', 'irc.phasenet.co.uk'),
(299, 234, 'Random server', 'irc.phat-net.de'),
(300, 235, 'Random server', 'irc.phazenet.com'),
(301, 236, 'Random server', 'irc.phoonet.org'),
(302, 237, 'Random server', 'irc.phrenzy.org'),
(303, 238, 'Random server', 'irc.ircnet.pl'),
(304, 239, 'Random server', 'irc.powerprecision.com'),
(305, 240, 'Random server', 'irc.ptnet.org'),
(306, 241, 'Random server', 'irc.quakenet.org'),
(307, 241, 'Random DE server', 'de.quakenet.org'),
(308, 241, 'Random SE server', 'se.quakenet.org'),
(309, 241, 'Random UK server', 'uk.quakenet.org'),
(310, 241, 'Random US server', 'us.quakenet.org'),
(311, 242, 'Random server', 'irc.razor-irc.net'),
(312, 243, 'Random server', 'irc.realirc.org'),
(313, 244, 'Random server', 'irc.red-latina.org'),
(314, 245, 'Random server', 'irc.revolutionirc.net'),
(315, 246, 'Random server', 'irc.rezosup.org'),
(316, 247, 'Random server', 'irc.risanet.com'),
(317, 248, 'Random server', 'irc.rizon.net'),
(318, 249, 'Random server', 'irc.romaniairc.org'),
(319, 250, 'Random server', 'irc.roofstar.net'),
(320, 251, 'Randomserver', 'irc.rootspirit.com'),
(321, 252, 'EU, RU, Tomsk', 'irc.tsk.ru'),
(322, 252, 'EU, UA, Dnepropetrovsk', 'irc.alkar.net'),
(323, 253, 'Random server', 'irc.satanic-chat.net'),
(324, 254, 'Random server ', 'irc.scifi-fans.net'),
(325, 255, 'Random server', 'irc.serbiancafe.ws'),
(326, 256, 'Random server', 'irc2.serenia.net'),
(327, 257, 'Random server', 'irc.serenity-irc.net'),
(328, 258, 'Random server', 'irc.sexnet.org'),
(329, 259, 'Random server', 'irc.shadowfire.org'),
(330, 260, 'Random server', 'irc.shadowworld.net'),
(331, 261, 'Random server', 'irc.simosnap.net'),
(332, 262, 'Random server', 'irc.sinoptic.net'),
(333, 263, 'Random server', 'irc.slacked.org'),
(334, 264, 'Random server', 'irc.slashnet.org'),
(335, 265, 'Random Server', 'irc.smart-irc.net'),
(336, 266, 'Random server', 'irc.snm.co.nz'),
(337, 267, 'Random server', 'irc.socialdisaster.net'),
(338, 268, 'Random server', 'irc.sohbet.net'),
(339, 269, 'Random server', 'irc.solarnet.ru'),
(340, 270, 'Random server', 'irc.sorcery.net'),
(341, 271, 'Random server', 'irc.spacetronix.net'),
(342, 272, 'Random server', 'irc.specialnet.org'),
(343, 273, 'Random server', 'irc.spidernet.org'),
(344, 274, 'Random server', 'irc.st-city.net'),
(345, 275, 'Random server', 'irc.starchat.net'),
(346, 276, 'Random server', 'irc.starfusion.org'),
(347, 277, 'Random server', 'irc.starlink-irc.org'),
(348, 278, 'Random server', 'irc.starlink.org'),
(349, 279, 'Random server', 'irc.staynet.org'),
(350, 280, 'Random server', 'irc.stitchspage.org'),
(351, 281, 'US, AR, Little Rock', 'irc.stormnine.net'),
(352, 282, 'Random server', 'irc.striked.org'),
(353, 283, 'Random server', 'irc.succuba.com'),
(354, 284, 'TR, Adana', 'irc.suskun.net'),
(355, 285, 'Random server', 'irc.swiftirc.net'),
(356, 286, 'Random server', 'irc.synchro.net'),
(357, 287, 'Random Server', 'irc.syrolnet.org'),
(358, 288, 'Random server', 'irc.twirc.net'),
(359, 289, 'Random server', 'irc.talkingirc.net'),
(360, 290, 'EU, Tr, Istanbul', 'irc.tkln.com.tr'),
(361, 291, 'Random server', 'irc.teranova.net'),
(362, 292, 'Random server', 'irc.the-zone.net'),
(363, 293, 'Random server', 'irc.thundercity.net'),
(364, 294, 'Random server', 'topircnet.com'),
(365, 295, 'Random server', 'irc.totalirc.net'),
(366, 296, 'Random server', 'irc.tveps.net'),
(367, 297, 'Random server', 'irc.uicn.net'),
(368, 298, 'Random server', 'irc.uirc.net'),
(369, 299, 'Random server', 'irc.ukchatterbox.com'),
(370, 300, 'Random server', 'irc.umbranet.org'),
(371, 301, 'Random server', 'irc.undermind.net'),
(372, 302, 'Random EU server', 'eu.undernet.org'),
(373, 302, 'Random US server', 'us.undernet.org'),
(374, 302, 'EU, BE, Elsene', 'elsene.be.eu.undernet.org'),
(375, 302, 'EU, FI, Helsinki', 'helsinki.fi.eu.Undernet.org'),
(376, 302, 'EU, HR, Zagreb', 'zagreb.hr.eu.undernet.org'),
(377, 302, 'EU, NL, Ede', 'Ede.nl.EU.UnderNet.Org'),
(378, 302, 'EU, NO, Oslo', 'oslo.no.eu.undernet.org'),
(379, 302, 'EU, UK, London', 'london.uk.eu.undernet.org'),
(380, 302, 'US, AZ, Mesa', 'mesa.az.us.undernet.org'),
(381, 302, 'US, NY, Newyork', 'newyork.ny.us.undernet.org'),
(382, 303, 'Random server', 'irc.unibg.org'),
(383, 304, 'Random server', 'irc.unionlatina.org'),
(384, 305, 'Random server', 'irc.urchat.net'),
(385, 306, 'Random server', 'irc.virtualife.com.br'),
(386, 307, 'Random server', 'irc.virtuanet.org'),
(387, 308, 'Random server', 'irc.voila.fr'),
(388, 309, 'Random server', 'irc.wearab.net'),
(389, 310, 'Random server', 'irc.webchat.org'),
(390, 311, 'Random server', 'irc.webcomm.co.za'),
(391, 312, 'Random server', 'irc.webmas.org'),
(392, 313, 'Random server', 'irc.whatnet.org'),
(393, 314, 'Random server', 'irc.wikkedwire.com'),
(394, 315, 'Random server', 'irc.wildghosts.net'),
(395, 316, 'Random server', 'irc.windfyre.net'),
(396, 317, 'Random server', 'irc.wondernet.nu'),
(397, 318, 'Random server', 'irc.worldirc.org'),
(398, 319, 'Random server', 'irc.worldnet.net'),
(399, 320, 'Random server', 'irc.wowirc.com'),
(400, 321, 'Random server', 'irc.wyldryde.org'),
(401, 322, 'Random server', 'irc.xangelz.org'),
(402, 323, 'Random server', 'irc.xelium.net'),
(403, 324, 'Random server', 'irc.xentonix.net'),
(404, 325, 'Random server', 'irc.xevion.net'),
(405, 326, 'Random server', 'irc.xnet.org'),
(406, 327, 'Random server', 'irc.xtris.net'),
(407, 328, 'Random server', 'irc.zanet.net'),
(408, 329, 'UK, London', 'apophis.zanet.org.za'),
(409, 330, 'Random server', 'irc.zerofuzion.net'),
(410, 331, 'Random server', 'irc.zirc.org'),
(411, 332, 'Random server', 'irc.zuh.net'),
(412, 333, 'Random server', 'irc.zurna.net');

-- --------------------------------------------------------

--
-- Tabellenstruktur für Tabelle `server_port`
--

CREATE TABLE IF NOT EXISTS `server_port` (
  `id` int(11) unsigned NOT NULL AUTO_INCREMENT,
  `server_id` int(11) unsigned NOT NULL,
  `port` varchar(10) COLLATE utf8_unicode_ci NOT NULL,
  PRIMARY KEY (`id`),
  UNIQUE KEY `port` (`server_id`,`port`)
) ENGINE=MyISAM  DEFAULT CHARSET=utf8 COLLATE=utf8_unicode_ci AUTO_INCREMENT=2586 ;

--
-- Daten für Tabelle `server_port`
--

INSERT INTO `server_port` (`id`, `server_id`, `port`) VALUES
(1, 1, '6666'),
(2, 1, '6667'),
(3, 1, '6668'),
(4, 1, '6669'),
(5, 1, '7000'),
(6, 1, '9000'),
(7, 2, '6667'),
(8, 3, '6667'),
(9, 3, '6668'),
(10, 3, '6669'),
(11, 4, '6667'),
(12, 4, '7000'),
(13, 5, '6667'),
(14, 6, '6667'),
(15, 6, '6668'),
(16, 6, '6669'),
(17, 7, '6667'),
(18, 8, '6667'),
(19, 9, '6667'),
(20, 10, '6667'),
(21, 10, '6668'),
(22, 10, '6669'),
(23, 11, '6660'),
(24, 11, '6661'),
(25, 11, '6662'),
(26, 11, '6663'),
(27, 11, '6664'),
(28, 11, '6665'),
(29, 11, '6666'),
(30, 11, '6667'),
(31, 11, '6668'),
(32, 11, '6669'),
(33, 11, '7000'),
(34, 12, '6661'),
(35, 12, '6662'),
(36, 12, '6663'),
(37, 12, '6664'),
(38, 12, '6665'),
(39, 12, '6666'),
(40, 12, '6667'),
(41, 12, '6668'),
(42, 12, '6669'),
(43, 12, '7000'),
(44, 13, '6667'),
(45, 14, '6661'),
(46, 14, '6662'),
(47, 14, '6663'),
(48, 14, '6664'),
(49, 14, '6665'),
(50, 14, '6666'),
(51, 14, '6667'),
(52, 14, '6668'),
(53, 14, '6669'),
(54, 14, '6670'),
(55, 15, '6667'),
(56, 16, '6667'),
(57, 17, '6666'),
(58, 17, '6667'),
(59, 17, '6668'),
(60, 17, '6669'),
(61, 17, '7000'),
(62, 18, '6660'),
(63, 18, '6661'),
(64, 18, '6662'),
(65, 18, '6663'),
(66, 18, '6664'),
(67, 18, '6665'),
(68, 18, '6666'),
(69, 18, '6667'),
(70, 18, '6668'),
(71, 18, '6669'),
(72, 18, '7000'),
(73, 19, '6660'),
(74, 19, '6661'),
(75, 19, '6662'),
(76, 19, '6663'),
(77, 19, '6664'),
(78, 19, '6665'),
(79, 19, '6666'),
(80, 19, '6667'),
(81, 20, '6660'),
(82, 20, '6661'),
(83, 20, '6662'),
(84, 20, '6663'),
(85, 20, '6664'),
(86, 20, '6665'),
(87, 20, '6666'),
(88, 20, '6667'),
(89, 20, '6668'),
(90, 20, '6669'),
(91, 21, '6661'),
(92, 21, '6662'),
(93, 21, '6663'),
(94, 21, '6664'),
(95, 21, '6665'),
(96, 21, '6666'),
(97, 21, '6667'),
(98, 21, '6668'),
(99, 21, '6669'),
(100, 21, '7000'),
(101, 21, '7777'),
(102, 22, '6667'),
(103, 23, '6667'),
(104, 24, '6667'),
(105, 25, '6667'),
(106, 26, '6667'),
(107, 27, '6661'),
(108, 27, '6662'),
(109, 27, '6663'),
(110, 27, '6664'),
(111, 27, '6665'),
(112, 27, '6666'),
(113, 27, '6667'),
(114, 27, '6668'),
(115, 27, '6669'),
(116, 27, '6670'),
(117, 27, '7001'),
(118, 28, '6660'),
(119, 28, '6661'),
(120, 28, '6662'),
(121, 28, '6663'),
(122, 28, '6664'),
(123, 28, '6665'),
(124, 28, '6666'),
(125, 28, '6667'),
(126, 28, '7000'),
(127, 29, '6666'),
(128, 29, '6667'),
(129, 29, '6668'),
(130, 29, '6669'),
(131, 30, '6667'),
(132, 31, '6660'),
(133, 31, '6661'),
(134, 31, '6662'),
(135, 31, '6663'),
(136, 31, '6664'),
(137, 31, '6665'),
(138, 31, '6666'),
(139, 31, '6667'),
(140, 31, '6668'),
(141, 31, '6669'),
(142, 32, '6667'),
(143, 33, '6660'),
(144, 33, '6661'),
(145, 33, '6662'),
(146, 33, '6663'),
(147, 33, '6664'),
(148, 33, '6665'),
(149, 33, '6666'),
(150, 33, '6667'),
(151, 33, '6668'),
(152, 33, '6669'),
(153, 34, '6667'),
(154, 34, '6668'),
(155, 34, '6669'),
(156, 35, '6667'),
(157, 36, '6667'),
(158, 37, '6667'),
(159, 37, '7000'),
(160, 38, '6667'),
(161, 39, '6667'),
(162, 40, '6665'),
(163, 40, '6666'),
(164, 40, '6667'),
(165, 40, '6668'),
(166, 40, '6669'),
(167, 40, '7000'),
(168, 41, '6667'),
(169, 42, '6667'),
(170, 42, '6668'),
(171, 42, '6669'),
(172, 43, '6667'),
(173, 43, '6668'),
(174, 43, '6669'),
(175, 43, '7000'),
(176, 44, '6667'),
(177, 45, '6667'),
(178, 46, '6664'),
(179, 46, '6665'),
(180, 46, '6666'),
(181, 46, '6667'),
(182, 46, '6668'),
(183, 46, '6669'),
(184, 46, '7000'),
(185, 47, '6667'),
(186, 48, '6667'),
(187, 48, '6668'),
(188, 48, '6669'),
(189, 49, '6666'),
(190, 49, '6667'),
(191, 49, '6668'),
(192, 49, '6669'),
(193, 50, '6667'),
(194, 51, '6667'),
(195, 52, '6666'),
(196, 52, '6667'),
(197, 52, '6668'),
(198, 52, '6669'),
(199, 52, '7000'),
(200, 53, '6668'),
(201, 54, '6667'),
(202, 55, '6663'),
(203, 55, '6664'),
(204, 55, '6665'),
(205, 55, '6666'),
(206, 55, '6667'),
(207, 55, '6668'),
(208, 55, '6669'),
(209, 55, '7000'),
(210, 56, '6660'),
(211, 56, '6661'),
(212, 56, '6662'),
(213, 56, '6663'),
(214, 56, '6664'),
(215, 56, '6665'),
(216, 56, '6666'),
(217, 56, '6667'),
(218, 56, '6668'),
(219, 56, '6669'),
(220, 57, '6667'),
(221, 58, '6667'),
(222, 58, '6668'),
(223, 58, '6669'),
(224, 59, '6667'),
(225, 60, '6667'),
(226, 61, '6667'),
(227, 62, '6667'),
(228, 63, '6660'),
(229, 63, '6661'),
(230, 63, '6662'),
(231, 63, '6663'),
(232, 63, '6664'),
(233, 63, '6665'),
(234, 63, '6666'),
(235, 63, '6667'),
(236, 63, '6668'),
(237, 63, '6669'),
(238, 63, '7000'),
(239, 64, '6666'),
(240, 64, '6667'),
(241, 64, '6668'),
(242, 64, '6669'),
(243, 64, '7000'),
(244, 65, '6667'),
(245, 66, '6667'),
(246, 67, '6665'),
(247, 67, '6666'),
(248, 67, '6667'),
(249, 67, '6668'),
(250, 67, '6669'),
(251, 68, '6667'),
(252, 68, '6668'),
(253, 68, '6669'),
(254, 69, '6667'),
(255, 70, '6667'),
(256, 70, '6668'),
(257, 70, '6669'),
(258, 71, '6667'),
(259, 71, '6668'),
(260, 71, '6669'),
(261, 71, '6670'),
(262, 71, '6671'),
(263, 71, '6672'),
(264, 71, '6673'),
(265, 71, '6674'),
(266, 71, '6675'),
(267, 71, '6676'),
(268, 71, '6677'),
(269, 71, '6678'),
(270, 71, '6679'),
(271, 71, '6680'),
(272, 71, '6681'),
(273, 71, '6682'),
(274, 71, '6683'),
(275, 71, '6684'),
(276, 71, '6685'),
(277, 71, '6686'),
(278, 71, '6687'),
(279, 71, '6688'),
(280, 71, '6689'),
(281, 71, '6690'),
(282, 71, '6691'),
(283, 71, '6692'),
(284, 71, '6693'),
(285, 71, '6694'),
(286, 71, '6695'),
(287, 71, '6696'),
(288, 71, '6697'),
(289, 71, '6698'),
(290, 71, '6699'),
(291, 71, '6700'),
(292, 71, '6701'),
(293, 71, '6702'),
(294, 71, '6703'),
(295, 71, '6704'),
(296, 71, '6705'),
(297, 71, '6706'),
(298, 71, '6707'),
(299, 71, '6708'),
(300, 71, '6709'),
(301, 71, '6710'),
(302, 71, '6711'),
(303, 71, '6712'),
(304, 71, '6713'),
(305, 71, '6714'),
(306, 71, '6715'),
(307, 71, '6716'),
(308, 71, '6717'),
(309, 71, '6718'),
(310, 71, '6719'),
(311, 71, '6720'),
(312, 71, '6721'),
(313, 71, '6722'),
(314, 71, '6723'),
(315, 71, '6724'),
(316, 71, '6725'),
(317, 71, '6726'),
(318, 71, '6727'),
(319, 71, '6728'),
(320, 71, '6729'),
(321, 71, '6730'),
(322, 71, '6731'),
(323, 71, '6732'),
(324, 71, '6733'),
(325, 71, '6734'),
(326, 71, '6735'),
(327, 71, '6736'),
(328, 71, '6737'),
(329, 71, '6738'),
(330, 71, '6739'),
(331, 71, '6740'),
(332, 71, '6741'),
(333, 71, '6742'),
(334, 71, '6743'),
(335, 71, '6744'),
(336, 71, '6745'),
(337, 71, '6746'),
(338, 71, '6747'),
(339, 71, '6748'),
(340, 71, '6749'),
(341, 71, '6750'),
(342, 71, '6751'),
(343, 71, '6752'),
(344, 71, '6753'),
(345, 71, '6754'),
(346, 71, '6755'),
(347, 71, '6756'),
(348, 71, '6757'),
(349, 71, '6758'),
(350, 71, '6759'),
(351, 71, '6760'),
(352, 71, '6761'),
(353, 71, '6762'),
(354, 71, '6763'),
(355, 71, '6764'),
(356, 71, '6765'),
(357, 71, '6766'),
(358, 71, '6767'),
(359, 71, '6768'),
(360, 71, '6769'),
(361, 71, '6770'),
(362, 71, '6771'),
(363, 71, '6772'),
(364, 71, '6773'),
(365, 71, '6774'),
(366, 71, '6775'),
(367, 71, '6776'),
(368, 71, '6777'),
(369, 71, '6778'),
(370, 71, '6779'),
(371, 71, '6780'),
(372, 71, '6781'),
(373, 71, '6782'),
(374, 71, '6783'),
(375, 71, '6784'),
(376, 71, '6785'),
(377, 71, '6786'),
(378, 71, '6787'),
(379, 71, '6788'),
(380, 71, '6789'),
(381, 71, '6790'),
(382, 71, '6791'),
(383, 71, '6792'),
(384, 71, '6793'),
(385, 71, '6794'),
(386, 71, '6795'),
(387, 71, '6796'),
(388, 71, '6797'),
(389, 71, '6798'),
(390, 71, '6799'),
(391, 71, '6800'),
(392, 71, '6801'),
(393, 71, '6802'),
(394, 71, '6803'),
(395, 71, '6804'),
(396, 71, '6805'),
(397, 71, '6806'),
(398, 71, '6807'),
(399, 71, '6808'),
(400, 71, '6809'),
(401, 71, '6810'),
(402, 71, '6811'),
(403, 71, '6812'),
(404, 71, '6813'),
(405, 71, '6814'),
(406, 71, '6815'),
(407, 71, '6816'),
(408, 71, '6817'),
(409, 71, '6818'),
(410, 71, '6819'),
(411, 71, '6820'),
(412, 71, '6821'),
(413, 71, '6822'),
(414, 71, '6823'),
(415, 71, '6824'),
(416, 71, '6825'),
(417, 71, '6826'),
(418, 71, '6827'),
(419, 71, '6828'),
(420, 71, '6829'),
(421, 71, '6830'),
(422, 71, '6831'),
(423, 71, '6832'),
(424, 71, '6833'),
(425, 71, '6834'),
(426, 71, '6835'),
(427, 71, '6836'),
(428, 71, '6837'),
(429, 71, '6838'),
(430, 71, '6839'),
(431, 71, '6840'),
(432, 71, '6841'),
(433, 71, '6842'),
(434, 71, '6843'),
(435, 71, '6844'),
(436, 71, '6845'),
(437, 71, '6846'),
(438, 71, '6847'),
(439, 71, '6848'),
(440, 71, '6849'),
(441, 71, '6850'),
(442, 71, '6851'),
(443, 71, '6852'),
(444, 71, '6853'),
(445, 71, '6854'),
(446, 71, '6855'),
(447, 71, '6856'),
(448, 71, '6857'),
(449, 71, '6858'),
(450, 71, '6859'),
(451, 71, '6860'),
(452, 71, '6861'),
(453, 71, '6862'),
(454, 71, '6863'),
(455, 71, '6864'),
(456, 71, '6865'),
(457, 71, '6866'),
(458, 71, '6867'),
(459, 71, '6868'),
(460, 71, '6869'),
(461, 71, '6870'),
(462, 71, '6871'),
(463, 71, '6872'),
(464, 71, '6873'),
(465, 71, '6874'),
(466, 71, '6875'),
(467, 71, '6876'),
(468, 71, '6877'),
(469, 71, '6878'),
(470, 71, '6879'),
(471, 71, '6880'),
(472, 71, '6881'),
(473, 71, '6882'),
(474, 71, '6883'),
(475, 71, '6884'),
(476, 71, '6885'),
(477, 71, '6886'),
(478, 71, '6887'),
(479, 71, '6888'),
(480, 71, '6889'),
(481, 71, '6890'),
(482, 71, '6891'),
(483, 71, '6892'),
(484, 71, '6893'),
(485, 71, '6894'),
(486, 71, '6895'),
(487, 71, '6896'),
(488, 71, '6897'),
(489, 71, '6898'),
(490, 71, '6899'),
(491, 71, '6900'),
(492, 71, '6901'),
(493, 71, '6902'),
(494, 71, '6903'),
(495, 71, '6904'),
(496, 71, '6905'),
(497, 71, '6906'),
(498, 71, '6907'),
(499, 71, '6908'),
(500, 71, '6909'),
(501, 71, '6910'),
(502, 71, '6911'),
(503, 71, '6912'),
(504, 71, '6913'),
(505, 71, '6914'),
(506, 71, '6915'),
(507, 71, '6916'),
(508, 71, '6917'),
(509, 71, '6918'),
(510, 71, '6919'),
(511, 71, '6920'),
(512, 71, '6921'),
(513, 71, '6922'),
(514, 71, '6923'),
(515, 71, '6924'),
(516, 71, '6925'),
(517, 71, '6926'),
(518, 71, '6927'),
(519, 71, '6928'),
(520, 71, '6929'),
(521, 71, '6930'),
(522, 71, '6931'),
(523, 71, '6932'),
(524, 71, '6933'),
(525, 71, '6934'),
(526, 71, '6935'),
(527, 71, '6936'),
(528, 71, '6937'),
(529, 71, '6938'),
(530, 71, '6939'),
(531, 71, '6940'),
(532, 71, '6941'),
(533, 71, '6942'),
(534, 71, '6943'),
(535, 71, '6944'),
(536, 71, '6945'),
(537, 71, '6946'),
(538, 71, '6947'),
(539, 71, '6948'),
(540, 71, '6949'),
(541, 71, '6950'),
(542, 71, '6951'),
(543, 71, '6952'),
(544, 71, '6953'),
(545, 71, '6954'),
(546, 71, '6955'),
(547, 71, '6956'),
(548, 71, '6957'),
(549, 71, '6958'),
(550, 71, '6959'),
(551, 71, '6960'),
(552, 71, '6961'),
(553, 71, '6962'),
(554, 71, '6963'),
(555, 71, '6964'),
(556, 71, '6965'),
(557, 71, '6966'),
(558, 71, '6967'),
(559, 71, '6968'),
(560, 71, '6969'),
(561, 71, '6970'),
(562, 71, '6971'),
(563, 71, '6972'),
(564, 71, '6973'),
(565, 71, '6974'),
(566, 71, '6975'),
(567, 71, '6976'),
(568, 71, '6977'),
(569, 71, '6978'),
(570, 71, '6979'),
(571, 71, '6980'),
(572, 71, '6981'),
(573, 71, '6982'),
(574, 71, '6983'),
(575, 71, '6984'),
(576, 71, '6985'),
(577, 71, '6986'),
(578, 71, '6987'),
(579, 71, '6988'),
(580, 71, '6989'),
(581, 71, '6990'),
(582, 71, '6991'),
(583, 71, '6992'),
(584, 71, '6993'),
(585, 71, '6994'),
(586, 71, '6995'),
(587, 71, '6996'),
(588, 71, '6997'),
(589, 71, '6998'),
(590, 71, '6999'),
(591, 71, '7000'),
(592, 71, '7001'),
(593, 71, '7002'),
(594, 72, '6667'),
(595, 73, '6667'),
(596, 74, '6660'),
(597, 74, '6661'),
(598, 74, '6662'),
(599, 74, '6663'),
(600, 74, '6664'),
(601, 74, '6665'),
(602, 74, '6666'),
(603, 74, '6667'),
(604, 75, '6665'),
(605, 75, '6666'),
(606, 75, '6667'),
(607, 75, '6668'),
(608, 75, '7000'),
(609, 76, '6665'),
(610, 76, '6666'),
(611, 76, '6667'),
(612, 76, '6668'),
(613, 76, '7000'),
(614, 77, '6665'),
(615, 77, '6666'),
(616, 77, '6667'),
(617, 77, '6668'),
(618, 77, '7000'),
(619, 78, '6665'),
(620, 78, '6666'),
(621, 78, '6667'),
(622, 78, '6668'),
(623, 78, '7000'),
(624, 79, '6665'),
(625, 79, '6666'),
(626, 79, '6667'),
(627, 79, '6668'),
(628, 79, '7000'),
(629, 80, '6667'),
(630, 81, '6667'),
(631, 81, '6668'),
(632, 81, '6669'),
(633, 81, '7000'),
(634, 82, '6667'),
(635, 83, '6667'),
(636, 83, '7000'),
(637, 83, '8000'),
(638, 84, '6667'),
(639, 85, '6667'),
(640, 86, '6667'),
(641, 87, '6660'),
(642, 87, '6669'),
(643, 88, '6667'),
(644, 89, '6660'),
(645, 89, '6661'),
(646, 89, '6662'),
(647, 89, '6663'),
(648, 89, '6664'),
(649, 89, '6665'),
(650, 89, '6666'),
(651, 89, '6667'),
(652, 89, '6668'),
(653, 89, '6669'),
(654, 89, '7000'),
(655, 90, '6667'),
(656, 91, '6666'),
(657, 91, '6667'),
(658, 92, '6667'),
(659, 93, '6667'),
(660, 94, '6665'),
(661, 94, '6666'),
(662, 94, '6667'),
(663, 94, '6668'),
(664, 94, '6669'),
(665, 95, '6660'),
(666, 95, '6661'),
(667, 95, '6662'),
(668, 95, '6663'),
(669, 95, '6664'),
(670, 95, '6665'),
(671, 95, '6666'),
(672, 95, '6667'),
(673, 95, '6668'),
(674, 95, '6669'),
(675, 95, '7000'),
(676, 95, '8888'),
(677, 96, '6667'),
(678, 97, '6660'),
(679, 97, '6661'),
(680, 97, '6662'),
(681, 97, '6663'),
(682, 97, '6664'),
(683, 97, '6665'),
(684, 97, '6666'),
(685, 97, '6667'),
(686, 97, '7000'),
(687, 98, '6667'),
(688, 99, '6667'),
(689, 99, '7000'),
(690, 100, '6667'),
(691, 101, '6667'),
(692, 101, '6668'),
(693, 101, '6669'),
(694, 101, '7000'),
(695, 101, '7001'),
(696, 101, '7002'),
(697, 102, '6667'),
(698, 103, '6667'),
(699, 104, '6667'),
(700, 105, '6667'),
(701, 106, '6665'),
(702, 107, '6661'),
(703, 107, '6662'),
(704, 107, '6663'),
(705, 107, '6664'),
(706, 107, '6665'),
(707, 107, '6666'),
(708, 107, '6667'),
(709, 107, '6668'),
(710, 107, '6669'),
(711, 108, '6667'),
(712, 109, '6665'),
(713, 109, '6666'),
(714, 109, '6667'),
(715, 109, '6668'),
(716, 109, '6669'),
(717, 109, '7000'),
(718, 109, '9000'),
(719, 110, '6661'),
(720, 110, '6662'),
(721, 110, '6663'),
(722, 110, '6664'),
(723, 110, '6665'),
(724, 110, '6666'),
(725, 110, '6667'),
(726, 110, '6668'),
(727, 110, '6669'),
(728, 111, '6660'),
(729, 111, '6661'),
(730, 111, '6662'),
(731, 111, '6663'),
(732, 111, '6664'),
(733, 111, '6665'),
(734, 111, '6666'),
(735, 111, '6667'),
(736, 111, '6668'),
(737, 111, '6669'),
(738, 112, '6666'),
(739, 112, '6667'),
(740, 112, '7000'),
(741, 113, '6666'),
(742, 113, '6667'),
(743, 113, '6668'),
(744, 113, '6669'),
(745, 113, '7000'),
(746, 114, '6667'),
(747, 115, '6666'),
(748, 115, '6667'),
(749, 115, '6668'),
(750, 115, '6669'),
(751, 115, '7000'),
(752, 116, '6665'),
(753, 116, '6666'),
(754, 116, '6667'),
(755, 116, '6668'),
(756, 116, '6669'),
(757, 117, '6665'),
(758, 117, '6666'),
(759, 117, '6667'),
(760, 117, '6668'),
(761, 117, '6669'),
(762, 118, '6660'),
(763, 118, '6665'),
(764, 118, '6666'),
(765, 118, '6667'),
(766, 118, '7000'),
(767, 119, '6665'),
(768, 119, '6666'),
(769, 119, '6667'),
(770, 119, '6668'),
(771, 119, '6669'),
(772, 120, '6665'),
(773, 120, '6666'),
(774, 120, '6667'),
(775, 120, '6668'),
(776, 120, '6669'),
(777, 120, '7000'),
(778, 121, '6666'),
(779, 121, '6667'),
(780, 122, '6665'),
(781, 122, '6666'),
(782, 122, '6667'),
(783, 122, '6668'),
(784, 122, '6669'),
(785, 123, '6665'),
(786, 123, '6666'),
(787, 123, '6667'),
(788, 123, '6668'),
(789, 123, '6669'),
(790, 123, '7000'),
(791, 124, '6660'),
(792, 124, '6661'),
(793, 124, '6662'),
(794, 124, '6663'),
(795, 124, '6664'),
(796, 124, '6665'),
(797, 124, '6666'),
(798, 124, '6667'),
(799, 124, '6668'),
(800, 124, '6669'),
(801, 124, '7000'),
(802, 125, '6660'),
(803, 125, '6661'),
(804, 125, '6662'),
(805, 125, '6663'),
(806, 125, '6664'),
(807, 125, '6665'),
(808, 125, '6666'),
(809, 125, '6667'),
(810, 125, '6668'),
(811, 125, '6669'),
(812, 125, '7000'),
(813, 126, '6664'),
(814, 126, '6665'),
(815, 126, '6666'),
(816, 126, '6667'),
(817, 127, '6665'),
(818, 127, '6666'),
(819, 127, '6667'),
(820, 127, '6668'),
(821, 127, '6669'),
(822, 128, '6666'),
(823, 128, '6667'),
(824, 128, '6668'),
(825, 128, '6669'),
(826, 128, '7000'),
(827, 129, '6665'),
(828, 129, '6666'),
(829, 129, '6667'),
(830, 129, '6668'),
(831, 129, '6669'),
(832, 129, '7000'),
(833, 130, '6667'),
(834, 131, '6667'),
(835, 132, '6667'),
(836, 133, '6667'),
(837, 134, '5555'),
(838, 134, '6667'),
(839, 134, '6668'),
(840, 134, '6669'),
(841, 135, '6665'),
(842, 135, '6666'),
(843, 135, '6667'),
(844, 135, '6668'),
(845, 135, '6669'),
(846, 136, '6667'),
(847, 136, '6668'),
(848, 137, '6667'),
(849, 138, '6667'),
(850, 138, '7000'),
(851, 139, '6667'),
(852, 139, '6668'),
(853, 139, '6669'),
(854, 139, '7000'),
(855, 140, '6667'),
(856, 141, '6667'),
(857, 142, '6666'),
(858, 142, '6667'),
(859, 142, '6668'),
(860, 142, '9999'),
(861, 143, '6667'),
(862, 144, '6667'),
(863, 144, '6668'),
(864, 144, '6669'),
(865, 144, '7000'),
(866, 145, '6667'),
(867, 145, '7000'),
(868, 146, '6660'),
(869, 146, '6661'),
(870, 146, '6662'),
(871, 146, '6663'),
(872, 146, '6664'),
(873, 146, '6665'),
(874, 146, '6666'),
(875, 146, '6667'),
(876, 146, '6668'),
(877, 146, '6669'),
(878, 146, '7000'),
(879, 147, '6665'),
(880, 147, '6666'),
(881, 147, '6667'),
(882, 147, '6668'),
(883, 147, '6669'),
(884, 147, '7000'),
(885, 148, '6667'),
(886, 148, '6668'),
(887, 148, '6669'),
(888, 148, '8000'),
(889, 148, '8001'),
(890, 148, '8002'),
(891, 149, '7000'),
(892, 150, '6667'),
(893, 151, '6667'),
(894, 152, '6667'),
(895, 152, '6668'),
(896, 152, '6669'),
(897, 152, '6670'),
(898, 152, '6671'),
(899, 152, '6672'),
(900, 152, '6673'),
(901, 152, '6674'),
(902, 152, '6675'),
(903, 152, '6676'),
(904, 152, '6677'),
(905, 152, '6678'),
(906, 152, '6679'),
(907, 152, '6680'),
(908, 152, '6681'),
(909, 152, '6682'),
(910, 152, '6683'),
(911, 152, '6684'),
(912, 152, '6685'),
(913, 152, '6686'),
(914, 152, '6687'),
(915, 152, '6688'),
(916, 152, '6689'),
(917, 152, '6690'),
(918, 152, '6691'),
(919, 152, '6692'),
(920, 152, '6693'),
(921, 152, '6694'),
(922, 152, '6695'),
(923, 152, '6696'),
(924, 152, '6697'),
(925, 152, '6698'),
(926, 152, '6699'),
(927, 152, '6700'),
(928, 152, '6701'),
(929, 152, '6702'),
(930, 152, '6703'),
(931, 152, '6704'),
(932, 152, '6705'),
(933, 152, '6706'),
(934, 152, '6707'),
(935, 152, '6708'),
(936, 152, '6709'),
(937, 152, '6710'),
(938, 152, '6711'),
(939, 152, '6712'),
(940, 152, '6713'),
(941, 152, '6714'),
(942, 152, '6715'),
(943, 152, '6716'),
(944, 152, '6717'),
(945, 152, '6718'),
(946, 152, '6719'),
(947, 152, '6720'),
(948, 152, '6721'),
(949, 152, '6722'),
(950, 152, '6723'),
(951, 152, '6724'),
(952, 152, '6725'),
(953, 152, '6726'),
(954, 152, '6727'),
(955, 152, '6728'),
(956, 152, '6729'),
(957, 152, '6730'),
(958, 152, '6731'),
(959, 152, '6732'),
(960, 152, '6733'),
(961, 152, '6734'),
(962, 152, '6735'),
(963, 152, '6736'),
(964, 152, '6737'),
(965, 152, '6738'),
(966, 152, '6739'),
(967, 152, '6740'),
(968, 152, '6741'),
(969, 152, '6742'),
(970, 152, '6743'),
(971, 152, '6744'),
(972, 152, '6745'),
(973, 152, '6746'),
(974, 152, '6747'),
(975, 152, '6748'),
(976, 152, '6749'),
(977, 152, '6750'),
(978, 152, '6751'),
(979, 152, '6752'),
(980, 152, '6753'),
(981, 152, '6754'),
(982, 152, '6755'),
(983, 152, '6756'),
(984, 152, '6757'),
(985, 152, '6758'),
(986, 152, '6759'),
(987, 152, '6760'),
(988, 152, '6761'),
(989, 152, '6762'),
(990, 152, '6763'),
(991, 152, '6764'),
(992, 152, '6765'),
(993, 152, '6766'),
(994, 152, '6767'),
(995, 152, '6768'),
(996, 152, '6769'),
(997, 152, '6770'),
(998, 152, '6771'),
(999, 152, '6772'),
(1000, 152, '6773'),
(1001, 152, '6774'),
(1002, 152, '6775'),
(1003, 152, '6776'),
(1004, 152, '6777'),
(1005, 152, '6778'),
(1006, 152, '6779'),
(1007, 152, '6780'),
(1008, 152, '6781'),
(1009, 152, '6782'),
(1010, 152, '6783'),
(1011, 152, '6784'),
(1012, 152, '6785'),
(1013, 152, '6786'),
(1014, 152, '6787'),
(1015, 152, '6788'),
(1016, 152, '6789'),
(1017, 152, '6790'),
(1018, 152, '6791'),
(1019, 152, '6792'),
(1020, 152, '6793'),
(1021, 152, '6794'),
(1022, 152, '6795'),
(1023, 152, '6796'),
(1024, 152, '6797'),
(1025, 152, '6798'),
(1026, 152, '6799'),
(1027, 152, '6800'),
(1028, 152, '6801'),
(1029, 152, '6802'),
(1030, 152, '6803'),
(1031, 152, '6804'),
(1032, 152, '6805'),
(1033, 152, '6806'),
(1034, 152, '6807'),
(1035, 152, '6808'),
(1036, 152, '6809'),
(1037, 152, '6810'),
(1038, 152, '6811'),
(1039, 152, '6812'),
(1040, 152, '6813'),
(1041, 152, '6814'),
(1042, 152, '6815'),
(1043, 152, '6816'),
(1044, 152, '6817'),
(1045, 152, '6818'),
(1046, 152, '6819'),
(1047, 152, '6820'),
(1048, 152, '6821'),
(1049, 152, '6822'),
(1050, 152, '6823'),
(1051, 152, '6824'),
(1052, 152, '6825'),
(1053, 152, '6826'),
(1054, 152, '6827'),
(1055, 152, '6828'),
(1056, 152, '6829'),
(1057, 152, '6830'),
(1058, 152, '6831'),
(1059, 152, '6832'),
(1060, 152, '6833'),
(1061, 152, '6834'),
(1062, 152, '6835'),
(1063, 152, '6836'),
(1064, 152, '6837'),
(1065, 152, '6838'),
(1066, 152, '6839'),
(1067, 152, '6840'),
(1068, 152, '6841'),
(1069, 152, '6842'),
(1070, 152, '6843'),
(1071, 152, '6844'),
(1072, 152, '6845'),
(1073, 152, '6846'),
(1074, 152, '6847'),
(1075, 152, '6848'),
(1076, 152, '6849'),
(1077, 152, '6850'),
(1078, 152, '6851'),
(1079, 152, '6852'),
(1080, 152, '6853'),
(1081, 152, '6854'),
(1082, 152, '6855'),
(1083, 152, '6856'),
(1084, 152, '6857'),
(1085, 152, '6858'),
(1086, 152, '6859'),
(1087, 152, '6860'),
(1088, 152, '6861'),
(1089, 152, '6862'),
(1090, 152, '6863'),
(1091, 152, '6864'),
(1092, 152, '6865'),
(1093, 152, '6866'),
(1094, 152, '6867'),
(1095, 152, '6868'),
(1096, 152, '6869'),
(1097, 152, '6870'),
(1098, 152, '6871'),
(1099, 152, '6872'),
(1100, 152, '6873'),
(1101, 152, '6874'),
(1102, 152, '6875'),
(1103, 152, '6876'),
(1104, 152, '6877'),
(1105, 152, '6878'),
(1106, 152, '6879'),
(1107, 152, '6880'),
(1108, 152, '6881'),
(1109, 152, '6882'),
(1110, 152, '6883'),
(1111, 152, '6884'),
(1112, 152, '6885'),
(1113, 152, '6886'),
(1114, 152, '6887'),
(1115, 152, '6888'),
(1116, 152, '6889'),
(1117, 152, '6890'),
(1118, 152, '6891'),
(1119, 152, '6892'),
(1120, 152, '6893'),
(1121, 152, '6894'),
(1122, 152, '6895'),
(1123, 152, '6896'),
(1124, 152, '6897'),
(1125, 152, '6898'),
(1126, 152, '6899'),
(1127, 152, '6900'),
(1128, 152, '6901'),
(1129, 152, '6902'),
(1130, 152, '6903'),
(1131, 152, '6904'),
(1132, 152, '6905'),
(1133, 152, '6906'),
(1134, 152, '6907'),
(1135, 152, '6908'),
(1136, 152, '6909'),
(1137, 152, '6910'),
(1138, 152, '6911'),
(1139, 152, '6912'),
(1140, 152, '6913'),
(1141, 152, '6914'),
(1142, 152, '6915'),
(1143, 152, '6916'),
(1144, 152, '6917'),
(1145, 152, '6918'),
(1146, 152, '6919'),
(1147, 152, '6920'),
(1148, 152, '6921'),
(1149, 152, '6922'),
(1150, 152, '6923'),
(1151, 152, '6924'),
(1152, 152, '6925'),
(1153, 152, '6926'),
(1154, 152, '6927'),
(1155, 152, '6928'),
(1156, 152, '6929'),
(1157, 152, '6930'),
(1158, 152, '6931'),
(1159, 152, '6932'),
(1160, 152, '6933'),
(1161, 152, '6934'),
(1162, 152, '6935'),
(1163, 152, '6936'),
(1164, 152, '6937'),
(1165, 152, '6938'),
(1166, 152, '6939'),
(1167, 152, '6940'),
(1168, 152, '6941'),
(1169, 152, '6942'),
(1170, 152, '6943'),
(1171, 152, '6944'),
(1172, 152, '6945'),
(1173, 152, '6946'),
(1174, 152, '6947'),
(1175, 152, '6948'),
(1176, 152, '6949'),
(1177, 152, '6950'),
(1178, 152, '6951'),
(1179, 152, '6952'),
(1180, 152, '6953'),
(1181, 152, '6954'),
(1182, 152, '6955'),
(1183, 152, '6956'),
(1184, 152, '6957'),
(1185, 152, '6958'),
(1186, 152, '6959'),
(1187, 152, '6960'),
(1188, 152, '6961'),
(1189, 152, '6962'),
(1190, 152, '6963'),
(1191, 152, '6964'),
(1192, 152, '6965'),
(1193, 152, '6966'),
(1194, 152, '6967'),
(1195, 152, '6968'),
(1196, 152, '6969'),
(1197, 152, '6970'),
(1198, 152, '6971'),
(1199, 152, '6972'),
(1200, 152, '6973'),
(1201, 152, '6974'),
(1202, 152, '6975'),
(1203, 152, '6976'),
(1204, 152, '6977'),
(1205, 152, '6978'),
(1206, 152, '6979'),
(1207, 152, '6980'),
(1208, 152, '6981'),
(1209, 152, '6982'),
(1210, 152, '6983'),
(1211, 152, '6984'),
(1212, 152, '6985'),
(1213, 152, '6986'),
(1214, 152, '6987'),
(1215, 152, '6988'),
(1216, 152, '6989'),
(1217, 152, '6990'),
(1218, 152, '6991'),
(1219, 152, '6992'),
(1220, 152, '6993'),
(1221, 152, '6994'),
(1222, 152, '6995'),
(1223, 152, '6996'),
(1224, 152, '6997'),
(1225, 152, '6998'),
(1226, 152, '6999'),
(1227, 152, '7000'),
(1228, 153, '6662'),
(1229, 153, '6663'),
(1230, 153, '6664'),
(1231, 153, '6665'),
(1232, 153, '6666'),
(1233, 153, '6667'),
(1234, 153, '6668'),
(1235, 153, '7000'),
(1236, 154, '6661'),
(1237, 154, '6662'),
(1238, 154, '6663'),
(1239, 154, '6664'),
(1240, 154, '6665'),
(1241, 154, '6666'),
(1242, 154, '6667'),
(1243, 154, '6668'),
(1244, 154, '6669'),
(1245, 155, '6667'),
(1246, 156, '6667'),
(1247, 157, '6667'),
(1248, 158, '6660'),
(1249, 158, '6661'),
(1250, 158, '6662'),
(1251, 158, '6663'),
(1252, 158, '6664'),
(1253, 158, '6665'),
(1254, 158, '6666'),
(1255, 158, '6667'),
(1256, 158, '6668'),
(1257, 158, '6669'),
(1258, 158, '7000'),
(1259, 159, '6667'),
(1260, 160, '6667'),
(1261, 161, '6667'),
(1262, 161, '6668'),
(1263, 161, '6669'),
(1264, 162, '6667'),
(1265, 162, '6668'),
(1266, 162, '6669'),
(1267, 163, '6660'),
(1268, 163, '6661'),
(1269, 163, '6662'),
(1270, 163, '6663'),
(1271, 163, '6664'),
(1272, 163, '6665'),
(1273, 163, '6666'),
(1274, 163, '6667'),
(1275, 163, '6668'),
(1276, 163, '6669'),
(1277, 164, '6667'),
(1278, 165, '6667'),
(1279, 165, '6668'),
(1280, 165, '7000'),
(1281, 166, '6667'),
(1282, 166, '6668'),
(1283, 166, '6669'),
(1284, 166, '7000'),
(1285, 167, '6660'),
(1286, 167, '6661'),
(1287, 167, '6662'),
(1288, 167, '6663'),
(1289, 167, '6664'),
(1290, 167, '6665'),
(1291, 167, '6666'),
(1292, 167, '6667'),
(1293, 167, '6668'),
(1294, 167, '6669'),
(1295, 167, '7000'),
(1296, 168, '6661'),
(1297, 168, '6662'),
(1298, 168, '6663'),
(1299, 168, '6664'),
(1300, 168, '6665'),
(1301, 168, '6666'),
(1302, 168, '6667'),
(1303, 168, '6668'),
(1304, 168, '6669'),
(1305, 168, '7000'),
(1306, 169, '6667'),
(1307, 169, '7000'),
(1308, 170, '6667'),
(1309, 170, '7000'),
(1310, 171, '6667'),
(1311, 172, '6660'),
(1312, 172, '6661'),
(1313, 172, '6662'),
(1314, 172, '6663'),
(1315, 172, '6664'),
(1316, 172, '6665'),
(1317, 172, '6666'),
(1318, 172, '6667'),
(1319, 172, '6668'),
(1320, 172, '6669'),
(1321, 173, '6667'),
(1322, 173, '6668'),
(1323, 173, '6669'),
(1324, 174, '6667'),
(1325, 174, '6668'),
(1326, 174, '6669'),
(1327, 174, '7000'),
(1328, 175, '6665'),
(1329, 175, '6666'),
(1330, 175, '6667'),
(1331, 175, '6668'),
(1332, 175, '6669'),
(1333, 176, '6667'),
(1334, 176, '6668'),
(1335, 177, '6667'),
(1336, 178, '6667'),
(1337, 179, '6667'),
(1338, 179, '6668'),
(1339, 179, '6669'),
(1340, 179, '7000'),
(1341, 180, '6660'),
(1342, 180, '6661'),
(1343, 180, '6662'),
(1344, 180, '6663'),
(1345, 180, '6664'),
(1346, 180, '6665'),
(1347, 180, '6666'),
(1348, 180, '6667'),
(1349, 180, '6668'),
(1350, 180, '6669'),
(1351, 180, '7000'),
(1352, 181, '6660'),
(1353, 181, '6661'),
(1354, 181, '6662'),
(1355, 181, '6663'),
(1356, 181, '6664'),
(1357, 181, '6665'),
(1358, 181, '6666'),
(1359, 181, '6667'),
(1360, 182, '6667'),
(1361, 183, '6660'),
(1362, 183, '6661'),
(1363, 183, '6662'),
(1364, 183, '6663'),
(1365, 183, '6664'),
(1366, 183, '6665'),
(1367, 183, '6666'),
(1368, 183, '6667'),
(1369, 183, '6668'),
(1370, 183, '6669'),
(1371, 183, '6670'),
(1372, 184, '6664'),
(1373, 184, '6665'),
(1374, 184, '6666'),
(1375, 184, '6667'),
(1376, 184, '6668'),
(1377, 184, '6669'),
(1378, 184, '7000'),
(1379, 184, '7001'),
(1380, 185, '6667'),
(1381, 186, '6666'),
(1382, 186, '6667'),
(1383, 186, '6668'),
(1384, 187, '6667'),
(1385, 188, '6667'),
(1386, 189, '6666'),
(1387, 189, '6667'),
(1388, 189, '6668'),
(1389, 189, '6669'),
(1390, 190, '6666'),
(1391, 190, '6667'),
(1392, 190, '6668'),
(1393, 190, '5190'),
(1394, 191, '6660'),
(1395, 191, '6661'),
(1396, 191, '6662'),
(1397, 191, '6663'),
(1398, 191, '6664'),
(1399, 191, '6665'),
(1400, 191, '6666'),
(1401, 191, '6667'),
(1402, 191, '6668'),
(1403, 191, '6669'),
(1404, 192, '6660'),
(1405, 192, '6661'),
(1406, 192, '6662'),
(1407, 192, '6663'),
(1408, 192, '6664'),
(1409, 192, '6665'),
(1410, 192, '6666'),
(1411, 192, '6667'),
(1412, 192, '6668'),
(1413, 192, '6669'),
(1414, 193, '6667'),
(1415, 194, '6665'),
(1416, 194, '6666'),
(1417, 194, '6667'),
(1418, 194, '6668'),
(1419, 195, '6661'),
(1420, 195, '6662'),
(1421, 195, '6663'),
(1422, 195, '6664'),
(1423, 195, '6665'),
(1424, 195, '6666'),
(1425, 195, '6667'),
(1426, 195, '6668'),
(1427, 196, '6668'),
(1428, 197, '6667'),
(1429, 198, '6666'),
(1430, 198, '6667'),
(1431, 198, '6668'),
(1432, 199, '6666'),
(1433, 199, '6667'),
(1434, 199, '6668'),
(1435, 199, '6669'),
(1436, 200, '6667'),
(1437, 201, '6664'),
(1438, 201, '6665'),
(1439, 201, '6666'),
(1440, 201, '6667'),
(1441, 201, '6668'),
(1442, 201, '6669'),
(1443, 201, '6670'),
(1444, 202, '6667'),
(1445, 203, '6665'),
(1446, 203, '6666'),
(1447, 203, '6667'),
(1448, 203, '6668'),
(1449, 203, '6669'),
(1450, 204, '6667'),
(1451, 205, '6667'),
(1452, 206, '6667'),
(1453, 207, '6660'),
(1454, 207, '6661'),
(1455, 207, '6662'),
(1456, 207, '6663'),
(1457, 207, '6664'),
(1458, 207, '6665'),
(1459, 207, '6666'),
(1460, 207, '6667'),
(1461, 207, '6668'),
(1462, 207, '6669'),
(1463, 208, '6665'),
(1464, 208, '6666'),
(1465, 208, '6667'),
(1466, 208, '6668'),
(1467, 208, '6669'),
(1468, 209, '6666'),
(1469, 209, '6667'),
(1470, 209, '6668'),
(1471, 209, '6669'),
(1472, 209, '7000'),
(1473, 210, '6660'),
(1474, 210, '6661'),
(1475, 210, '6662'),
(1476, 210, '6663'),
(1477, 210, '6664'),
(1478, 210, '6665'),
(1479, 210, '6666'),
(1480, 210, '6667'),
(1481, 210, '6668'),
(1482, 210, '6669'),
(1483, 211, '6660'),
(1484, 211, '6661'),
(1485, 211, '6662'),
(1486, 211, '6663'),
(1487, 211, '6664'),
(1488, 211, '6665'),
(1489, 211, '6666'),
(1490, 211, '6667'),
(1491, 211, '6668'),
(1492, 211, '6669'),
(1493, 212, '6660'),
(1494, 212, '6661'),
(1495, 212, '6662'),
(1496, 212, '6663'),
(1497, 212, '6664'),
(1498, 212, '6665'),
(1499, 212, '6666'),
(1500, 212, '6667'),
(1501, 212, '6668'),
(1502, 212, '6669'),
(1503, 213, '6667'),
(1504, 214, '6667'),
(1505, 215, '6666'),
(1506, 215, '6667'),
(1507, 215, '6668'),
(1508, 216, '6666'),
(1509, 216, '6667'),
(1510, 216, '6668'),
(1511, 217, '6667'),
(1512, 218, '6661'),
(1513, 218, '6662'),
(1514, 218, '6663'),
(1515, 218, '6664'),
(1516, 218, '6665'),
(1517, 218, '6666'),
(1518, 218, '6667'),
(1519, 218, '6668'),
(1520, 218, '6669'),
(1521, 219, '5190'),
(1522, 219, '6660'),
(1523, 219, '6661'),
(1524, 219, '6662'),
(1525, 219, '6663'),
(1526, 219, '6664'),
(1527, 219, '6665'),
(1528, 219, '6666'),
(1529, 219, '6667'),
(1530, 219, '6668'),
(1531, 219, '6669'),
(1532, 219, '6670'),
(1533, 219, '7002'),
(1534, 219, '8000'),
(1535, 220, '6665'),
(1536, 220, '6666'),
(1537, 220, '6667'),
(1538, 220, '6668'),
(1539, 220, '6669'),
(1540, 221, '6667'),
(1541, 222, '6667'),
(1542, 223, '6665'),
(1543, 223, '6666'),
(1544, 223, '6667'),
(1545, 223, '6668'),
(1546, 223, '6669'),
(1547, 223, '7000'),
(1548, 224, '6660'),
(1549, 224, '6661'),
(1550, 224, '6662'),
(1551, 224, '6663'),
(1552, 224, '6664'),
(1553, 224, '6665'),
(1554, 224, '6666'),
(1555, 224, '6667'),
(1556, 224, '6668'),
(1557, 224, '6669'),
(1558, 224, '6670'),
(1559, 225, '6667'),
(1560, 226, '6667'),
(1561, 227, '6667'),
(1562, 228, '6667'),
(1563, 228, '6668'),
(1564, 228, '6669'),
(1565, 228, '7032'),
(1566, 229, '6667'),
(1567, 230, '6667'),
(1568, 231, '6665'),
(1569, 231, '6666'),
(1570, 231, '6667'),
(1571, 231, '6668'),
(1572, 231, '6669'),
(1573, 231, '8067'),
(1574, 232, '6667'),
(1575, 233, '6667'),
(1576, 234, '6667'),
(1577, 235, '6667'),
(1578, 235, '6668'),
(1579, 235, '6669'),
(1580, 236, '6667'),
(1581, 237, '6660'),
(1582, 237, '6661'),
(1583, 237, '6662'),
(1584, 237, '6663'),
(1585, 237, '6664'),
(1586, 237, '6665'),
(1587, 237, '6666'),
(1588, 237, '6667'),
(1589, 237, '6668'),
(1590, 237, '6669'),
(1591, 237, '6670'),
(1592, 237, '7000'),
(1593, 237, '8888'),
(1594, 238, '6667'),
(1595, 238, '6668'),
(1596, 238, '6669'),
(1597, 239, '6661'),
(1598, 239, '6662'),
(1599, 239, '6663'),
(1600, 239, '6664'),
(1601, 239, '6665'),
(1602, 239, '6666'),
(1603, 239, '6667'),
(1604, 239, '6668'),
(1605, 239, '6669'),
(1606, 240, '6660'),
(1607, 240, '6661'),
(1608, 240, '6662'),
(1609, 240, '6663'),
(1610, 240, '6664'),
(1611, 240, '6665'),
(1612, 240, '6666'),
(1613, 240, '6667'),
(1614, 240, '6668'),
(1615, 240, '6669'),
(1616, 240, '7000'),
(1617, 241, '6667'),
(1618, 242, '6660'),
(1619, 242, '6661'),
(1620, 242, '6662'),
(1621, 242, '6663'),
(1622, 242, '6664'),
(1623, 242, '6665'),
(1624, 242, '6666'),
(1625, 242, '6667'),
(1626, 242, '6668'),
(1627, 242, '6669'),
(1628, 242, '6677'),
(1629, 243, '6667'),
(1630, 243, '5555'),
(1631, 244, '6667'),
(1632, 244, '5555'),
(1633, 245, '6667'),
(1634, 246, '6660'),
(1635, 246, '6661'),
(1636, 246, '6662'),
(1637, 246, '6663'),
(1638, 246, '6664'),
(1639, 246, '6665'),
(1640, 246, '6666'),
(1641, 246, '6667'),
(1642, 246, '6668'),
(1643, 246, '6669'),
(1644, 246, '7000'),
(1645, 247, '6667'),
(1646, 247, '7000'),
(1647, 247, '8067'),
(1648, 248, '6667'),
(1649, 249, '6667'),
(1650, 250, '6666'),
(1651, 250, '6667'),
(1652, 250, '6668'),
(1653, 250, '6669'),
(1654, 251, '6667'),
(1655, 252, '6667'),
(1656, 253, '6667'),
(1657, 254, '6660'),
(1658, 254, '6661'),
(1659, 254, '6662'),
(1660, 254, '6663'),
(1661, 254, '6664'),
(1662, 254, '6665'),
(1663, 254, '6666'),
(1664, 254, '6667'),
(1665, 254, '6668'),
(1666, 254, '6669'),
(1667, 254, '7000'),
(1668, 255, '6667'),
(1669, 255, '6668'),
(1670, 255, '6669'),
(1671, 256, '6660'),
(1672, 256, '6661'),
(1673, 256, '6662'),
(1674, 256, '6663'),
(1675, 256, '6664'),
(1676, 256, '6665'),
(1677, 256, '6666'),
(1678, 256, '6667'),
(1679, 256, '6668'),
(1680, 256, '6669'),
(1681, 256, '7000'),
(1682, 257, '6660'),
(1683, 257, '6661'),
(1684, 257, '6662'),
(1685, 257, '6663'),
(1686, 257, '6664'),
(1687, 257, '6665'),
(1688, 257, '6666'),
(1689, 257, '6667'),
(1690, 257, '6668'),
(1691, 257, '6669'),
(1692, 257, '7000'),
(1693, 258, '6667'),
(1694, 258, '7000'),
(1695, 259, '6667'),
(1696, 260, '6667'),
(1697, 260, '6668'),
(1698, 260, '6669'),
(1699, 261, '6667'),
(1700, 262, '6667'),
(1701, 262, '6668'),
(1702, 262, '6669'),
(1703, 263, '6667'),
(1704, 263, '6000'),
(1705, 263, '7000'),
(1706, 263, '8020'),
(1707, 264, '6660'),
(1708, 264, '6661'),
(1709, 264, '6662'),
(1710, 264, '6663'),
(1711, 264, '6664'),
(1712, 264, '6665'),
(1713, 264, '6666'),
(1714, 264, '6667'),
(1715, 264, '6668'),
(1716, 264, '6669'),
(1717, 264, '7000'),
(1718, 264, '7001'),
(1719, 265, '6667'),
(1720, 266, '6661'),
(1721, 266, '6662'),
(1722, 266, '6663'),
(1723, 266, '6664'),
(1724, 266, '6665'),
(1725, 266, '6666'),
(1726, 266, '6667'),
(1727, 266, '6668'),
(1728, 266, '6669'),
(1729, 267, '6667'),
(1730, 268, '6667'),
(1731, 269, '6666'),
(1732, 269, '6667'),
(1733, 269, '6668'),
(1734, 269, '6669'),
(1735, 270, '6661'),
(1736, 270, '6662'),
(1737, 270, '6663'),
(1738, 270, '6664'),
(1739, 270, '6665'),
(1740, 270, '6666'),
(1741, 270, '6667'),
(1742, 270, '6668'),
(1743, 270, '6669'),
(1744, 271, '6667'),
(1745, 272, '6667'),
(1746, 273, '6665'),
(1747, 273, '6666'),
(1748, 273, '6667'),
(1749, 273, '6668'),
(1750, 273, '6669'),
(1751, 273, '7000'),
(1752, 274, '6667'),
(1753, 275, '6667'),
(1754, 276, '6667'),
(1755, 277, '6667'),
(1756, 278, '6667'),
(1757, 279, '6665'),
(1758, 279, '6666'),
(1759, 279, '6667'),
(1760, 280, '6667'),
(1761, 281, '6665'),
(1762, 281, '6666'),
(1763, 281, '6667'),
(1764, 281, '6668'),
(1765, 281, '6669'),
(1766, 282, '6667'),
(1767, 283, '6667'),
(1768, 283, '7000'),
(1769, 284, '6665'),
(1770, 284, '6666'),
(1771, 284, '6667'),
(1772, 284, '6668'),
(1773, 284, '6669'),
(1774, 284, '7000'),
(1775, 285, '6665'),
(1776, 285, '6666'),
(1777, 285, '6667'),
(1778, 285, '7000'),
(1779, 286, '6667'),
(1780, 287, '6667'),
(1781, 288, '6667'),
(1782, 289, '6667'),
(1783, 290, '6660'),
(1784, 290, '6661'),
(1785, 290, '6662'),
(1786, 290, '6663'),
(1787, 290, '6664'),
(1788, 290, '6665'),
(1789, 290, '6666'),
(1790, 290, '6667'),
(1791, 290, '6668'),
(1792, 290, '6669'),
(1793, 291, '6667'),
(1794, 292, '6667'),
(1795, 293, '6660'),
(1796, 293, '6661'),
(1797, 293, '6662'),
(1798, 293, '6663'),
(1799, 293, '6664'),
(1800, 293, '6665'),
(1801, 293, '6666'),
(1802, 293, '6667'),
(1803, 293, '6668'),
(1804, 293, '6669'),
(1805, 294, '6667'),
(1806, 295, '6667'),
(1807, 295, '6668'),
(1808, 295, '6669'),
(1809, 295, '7000'),
(1810, 296, '6666'),
(1811, 296, '6667'),
(1812, 296, '6668'),
(1813, 296, '7000'),
(1814, 296, '7777'),
(1815, 297, '6667'),
(1816, 297, '7000'),
(1817, 298, '6666'),
(1818, 298, '6667'),
(1819, 298, '6668'),
(1820, 298, '6669'),
(1821, 298, '7000'),
(1822, 299, '6660'),
(1823, 299, '6661'),
(1824, 299, '6662'),
(1825, 299, '6663'),
(1826, 299, '6664'),
(1827, 299, '6665'),
(1828, 299, '6666'),
(1829, 299, '6667'),
(1830, 299, '7000'),
(1831, 300, '6667'),
(1832, 300, '6668'),
(1833, 300, '6669'),
(1834, 300, '7000'),
(1835, 301, '6660'),
(1836, 301, '6661'),
(1837, 301, '6662'),
(1838, 301, '6663'),
(1839, 301, '6664'),
(1840, 301, '6665'),
(1841, 301, '6666'),
(1842, 301, '6667'),
(1843, 301, '6668'),
(1844, 301, '6669'),
(1845, 302, '6667'),
(1846, 303, '6667'),
(1847, 304, '6667'),
(1848, 304, '6668'),
(1849, 304, '6669'),
(1850, 304, '6670'),
(1851, 304, '6671'),
(1852, 304, '6672'),
(1853, 304, '6673'),
(1854, 304, '6674'),
(1855, 304, '6675'),
(1856, 304, '6676'),
(1857, 304, '6677'),
(1858, 304, '6678'),
(1859, 304, '6679'),
(1860, 304, '6680'),
(1861, 304, '6681'),
(1862, 304, '6682'),
(1863, 304, '6683'),
(1864, 304, '6684'),
(1865, 304, '6685'),
(1866, 304, '6686'),
(1867, 304, '6687'),
(1868, 304, '6688'),
(1869, 304, '6689'),
(1870, 304, '6690'),
(1871, 304, '6691'),
(1872, 304, '6692'),
(1873, 304, '6693'),
(1874, 304, '6694'),
(1875, 304, '6695'),
(1876, 304, '6696'),
(1877, 304, '6697'),
(1878, 304, '6698'),
(1879, 304, '6699'),
(1880, 304, '6700'),
(1881, 304, '6701'),
(1882, 304, '6702'),
(1883, 304, '6703'),
(1884, 304, '6704'),
(1885, 304, '6705'),
(1886, 304, '6706'),
(1887, 304, '6707'),
(1888, 304, '6708'),
(1889, 304, '6709'),
(1890, 304, '6710'),
(1891, 304, '6711'),
(1892, 304, '6712'),
(1893, 304, '6713'),
(1894, 304, '6714'),
(1895, 304, '6715'),
(1896, 304, '6716'),
(1897, 304, '6717'),
(1898, 304, '6718'),
(1899, 304, '6719'),
(1900, 304, '6720'),
(1901, 304, '6721'),
(1902, 304, '6722'),
(1903, 304, '6723'),
(1904, 304, '6724'),
(1905, 304, '6725'),
(1906, 304, '6726'),
(1907, 304, '6727'),
(1908, 304, '6728'),
(1909, 304, '6729'),
(1910, 304, '6730'),
(1911, 304, '6731'),
(1912, 304, '6732'),
(1913, 304, '6733'),
(1914, 304, '6734'),
(1915, 304, '6735'),
(1916, 304, '6736'),
(1917, 304, '6737'),
(1918, 304, '6738'),
(1919, 304, '6739'),
(1920, 304, '6740'),
(1921, 304, '6741'),
(1922, 304, '6742'),
(1923, 304, '6743'),
(1924, 304, '6744'),
(1925, 304, '6745'),
(1926, 304, '6746'),
(1927, 304, '6747'),
(1928, 304, '6748'),
(1929, 304, '6749'),
(1930, 304, '6750'),
(1931, 304, '6751'),
(1932, 304, '6752'),
(1933, 304, '6753'),
(1934, 304, '6754'),
(1935, 304, '6755'),
(1936, 304, '6756'),
(1937, 304, '6757'),
(1938, 304, '6758'),
(1939, 304, '6759'),
(1940, 304, '6760'),
(1941, 304, '6761'),
(1942, 304, '6762'),
(1943, 304, '6763'),
(1944, 304, '6764'),
(1945, 304, '6765'),
(1946, 304, '6766'),
(1947, 304, '6767'),
(1948, 304, '6768'),
(1949, 304, '6769'),
(1950, 304, '6770'),
(1951, 304, '6771'),
(1952, 304, '6772'),
(1953, 304, '6773'),
(1954, 304, '6774'),
(1955, 304, '6775'),
(1956, 304, '6776'),
(1957, 304, '6777'),
(1958, 304, '6778'),
(1959, 304, '6779'),
(1960, 304, '6780'),
(1961, 304, '6781'),
(1962, 304, '6782'),
(1963, 304, '6783'),
(1964, 304, '6784'),
(1965, 304, '6785'),
(1966, 304, '6786'),
(1967, 304, '6787'),
(1968, 304, '6788'),
(1969, 304, '6789'),
(1970, 304, '6790'),
(1971, 304, '6791'),
(1972, 304, '6792'),
(1973, 304, '6793'),
(1974, 304, '6794'),
(1975, 304, '6795'),
(1976, 304, '6796'),
(1977, 304, '6797'),
(1978, 304, '6798'),
(1979, 304, '6799'),
(1980, 304, '6800'),
(1981, 304, '6801'),
(1982, 304, '6802'),
(1983, 304, '6803'),
(1984, 304, '6804'),
(1985, 304, '6805'),
(1986, 304, '6806'),
(1987, 304, '6807'),
(1988, 304, '6808'),
(1989, 304, '6809'),
(1990, 304, '6810'),
(1991, 304, '6811'),
(1992, 304, '6812'),
(1993, 304, '6813'),
(1994, 304, '6814'),
(1995, 304, '6815'),
(1996, 304, '6816'),
(1997, 304, '6817'),
(1998, 304, '6818'),
(1999, 304, '6819'),
(2000, 304, '6820'),
(2001, 304, '6821'),
(2002, 304, '6822'),
(2003, 304, '6823'),
(2004, 304, '6824'),
(2005, 304, '6825'),
(2006, 304, '6826'),
(2007, 304, '6827'),
(2008, 304, '6828'),
(2009, 304, '6829'),
(2010, 304, '6830'),
(2011, 304, '6831'),
(2012, 304, '6832'),
(2013, 304, '6833'),
(2014, 304, '6834'),
(2015, 304, '6835'),
(2016, 304, '6836'),
(2017, 304, '6837'),
(2018, 304, '6838'),
(2019, 304, '6839'),
(2020, 304, '6840'),
(2021, 304, '6841'),
(2022, 304, '6842'),
(2023, 304, '6843'),
(2024, 304, '6844'),
(2025, 304, '6845'),
(2026, 304, '6846'),
(2027, 304, '6847'),
(2028, 304, '6848'),
(2029, 304, '6849'),
(2030, 304, '6850'),
(2031, 304, '6851'),
(2032, 304, '6852'),
(2033, 304, '6853'),
(2034, 304, '6854'),
(2035, 304, '6855'),
(2036, 304, '6856'),
(2037, 304, '6857'),
(2038, 304, '6858'),
(2039, 304, '6859'),
(2040, 304, '6860'),
(2041, 304, '6861'),
(2042, 304, '6862'),
(2043, 304, '6863'),
(2044, 304, '6864'),
(2045, 304, '6865'),
(2046, 304, '6866'),
(2047, 304, '6867'),
(2048, 304, '6868'),
(2049, 304, '6869'),
(2050, 304, '6870'),
(2051, 304, '6871'),
(2052, 304, '6872'),
(2053, 304, '6873'),
(2054, 304, '6874'),
(2055, 304, '6875'),
(2056, 304, '6876'),
(2057, 304, '6877'),
(2058, 304, '6878'),
(2059, 304, '6879'),
(2060, 304, '6880'),
(2061, 304, '6881'),
(2062, 304, '6882'),
(2063, 304, '6883'),
(2064, 304, '6884'),
(2065, 304, '6885'),
(2066, 304, '6886'),
(2067, 304, '6887'),
(2068, 304, '6888'),
(2069, 304, '6889'),
(2070, 304, '6890'),
(2071, 304, '6891'),
(2072, 304, '6892'),
(2073, 304, '6893'),
(2074, 304, '6894'),
(2075, 304, '6895'),
(2076, 304, '6896'),
(2077, 304, '6897'),
(2078, 304, '6898'),
(2079, 304, '6899'),
(2080, 304, '6900'),
(2081, 304, '6901'),
(2082, 304, '6902'),
(2083, 304, '6903'),
(2084, 304, '6904'),
(2085, 304, '6905'),
(2086, 304, '6906'),
(2087, 304, '6907'),
(2088, 304, '6908'),
(2089, 304, '6909'),
(2090, 304, '6910'),
(2091, 304, '6911'),
(2092, 304, '6912'),
(2093, 304, '6913'),
(2094, 304, '6914'),
(2095, 304, '6915'),
(2096, 304, '6916'),
(2097, 304, '6917'),
(2098, 304, '6918'),
(2099, 304, '6919'),
(2100, 304, '6920'),
(2101, 304, '6921'),
(2102, 304, '6922'),
(2103, 304, '6923'),
(2104, 304, '6924'),
(2105, 304, '6925'),
(2106, 304, '6926'),
(2107, 304, '6927'),
(2108, 304, '6928'),
(2109, 304, '6929'),
(2110, 304, '6930'),
(2111, 304, '6931'),
(2112, 304, '6932'),
(2113, 304, '6933'),
(2114, 304, '6934'),
(2115, 304, '6935'),
(2116, 304, '6936'),
(2117, 304, '6937'),
(2118, 304, '6938'),
(2119, 304, '6939'),
(2120, 304, '6940'),
(2121, 304, '6941'),
(2122, 304, '6942'),
(2123, 304, '6943'),
(2124, 304, '6944'),
(2125, 304, '6945'),
(2126, 304, '6946'),
(2127, 304, '6947'),
(2128, 304, '6948'),
(2129, 304, '6949'),
(2130, 304, '6950'),
(2131, 304, '6951'),
(2132, 304, '6952'),
(2133, 304, '6953'),
(2134, 304, '6954'),
(2135, 304, '6955'),
(2136, 304, '6956'),
(2137, 304, '6957'),
(2138, 304, '6958'),
(2139, 304, '6959'),
(2140, 304, '6960'),
(2141, 304, '6961'),
(2142, 304, '6962'),
(2143, 304, '6963'),
(2144, 304, '6964'),
(2145, 304, '6965'),
(2146, 304, '6966'),
(2147, 304, '6967'),
(2148, 304, '6968'),
(2149, 304, '6969'),
(2150, 304, '6970'),
(2151, 304, '6971'),
(2152, 304, '6972'),
(2153, 304, '6973'),
(2154, 304, '6974'),
(2155, 304, '6975'),
(2156, 304, '6976'),
(2157, 304, '6977'),
(2158, 304, '6978'),
(2159, 304, '6979'),
(2160, 304, '6980'),
(2161, 304, '6981'),
(2162, 304, '6982'),
(2163, 304, '6983'),
(2164, 304, '6984'),
(2165, 304, '6985'),
(2166, 304, '6986'),
(2167, 304, '6987'),
(2168, 304, '6988'),
(2169, 304, '6989'),
(2170, 304, '6990'),
(2171, 304, '6991'),
(2172, 304, '6992'),
(2173, 304, '6993'),
(2174, 304, '6994'),
(2175, 304, '6995'),
(2176, 304, '6996'),
(2177, 304, '6997'),
(2178, 304, '6998'),
(2179, 304, '6999'),
(2180, 304, '7000'),
(2181, 305, '6667'),
(2182, 306, '6667'),
(2183, 306, '6668'),
(2184, 306, '6669'),
(2185, 307, '6667'),
(2186, 307, '6668'),
(2187, 307, '6669'),
(2188, 308, '6667'),
(2189, 308, '6668'),
(2190, 308, '6669'),
(2191, 309, '6667'),
(2192, 309, '6668'),
(2193, 309, '6669'),
(2194, 310, '6667'),
(2195, 310, '6668'),
(2196, 310, '6669'),
(2197, 311, '6667'),
(2198, 312, '6667'),
(2199, 313, '6667'),
(2200, 314, '6667'),
(2201, 315, '6667'),
(2202, 316, '6667'),
(2203, 316, '6668'),
(2204, 316, '6669'),
(2205, 317, '6660'),
(2206, 317, '6661'),
(2207, 317, '6662'),
(2208, 317, '6663'),
(2209, 317, '6664'),
(2210, 317, '6665'),
(2211, 317, '6666'),
(2212, 317, '6667'),
(2213, 317, '6668'),
(2214, 317, '6669'),
(2215, 317, '7000'),
(2216, 318, '6667'),
(2217, 318, '6668'),
(2218, 319, '6660'),
(2219, 319, '6661'),
(2220, 319, '6662'),
(2221, 319, '6663'),
(2222, 319, '6664'),
(2223, 319, '6665'),
(2224, 319, '6666'),
(2225, 319, '6667'),
(2226, 319, '6668'),
(2227, 319, '6669'),
(2228, 320, '6667'),
(2229, 321, '6667'),
(2230, 321, '6668'),
(2231, 321, '6669'),
(2232, 321, '7770'),
(2233, 321, '7771'),
(2234, 321, '7772'),
(2235, 321, '7773'),
(2236, 321, '7774'),
(2237, 321, '7775'),
(2238, 322, '6667'),
(2239, 322, '6668'),
(2240, 322, '6669'),
(2241, 322, '7770'),
(2242, 322, '7771'),
(2243, 322, '7772'),
(2244, 322, '7773'),
(2245, 322, '7774'),
(2246, 322, '7775'),
(2247, 323, '6667'),
(2248, 324, '6660'),
(2249, 324, '6661'),
(2250, 324, '6662'),
(2251, 324, '6663'),
(2252, 324, '6664'),
(2253, 324, '6665'),
(2254, 324, '6666'),
(2255, 324, '6667'),
(2256, 324, '6668'),
(2257, 324, '7000'),
(2258, 325, '6665'),
(2259, 325, '6666'),
(2260, 325, '6667'),
(2261, 325, '6668'),
(2262, 325, '6669'),
(2263, 326, '6667'),
(2264, 327, '6667'),
(2265, 327, '6668'),
(2266, 327, '6669'),
(2267, 327, '7000'),
(2268, 328, '6667'),
(2269, 329, '6667'),
(2270, 330, '6667'),
(2271, 331, '6666'),
(2272, 331, '6667'),
(2273, 331, '6668'),
(2274, 331, '6669'),
(2275, 332, '6660'),
(2276, 332, '6661'),
(2277, 332, '6662'),
(2278, 332, '6663'),
(2279, 332, '6664'),
(2280, 332, '6665'),
(2281, 332, '6666'),
(2282, 332, '6667'),
(2283, 332, '6668'),
(2284, 332, '6669'),
(2285, 333, '6667'),
(2286, 334, '6667'),
(2287, 335, '6667'),
(2288, 336, '6667'),
(2289, 337, '6667'),
(2290, 338, '6661'),
(2291, 338, '6662'),
(2292, 338, '6663'),
(2293, 338, '6664'),
(2294, 338, '6665'),
(2295, 338, '6666'),
(2296, 338, '6667'),
(2297, 338, '6668'),
(2298, 338, '6669'),
(2299, 339, '6667'),
(2300, 340, '6667'),
(2301, 340, '7000'),
(2302, 340, '9000'),
(2303, 341, '6660'),
(2304, 341, '6661'),
(2305, 341, '6662'),
(2306, 341, '6663'),
(2307, 341, '6664'),
(2308, 341, '6665'),
(2309, 341, '6666'),
(2310, 341, '6667'),
(2311, 341, '6668'),
(2312, 341, '6669'),
(2313, 341, '7000'),
(2314, 342, '6667'),
(2315, 343, '6667'),
(2316, 343, '6668'),
(2317, 343, '6669'),
(2318, 344, '6660'),
(2319, 344, '6661'),
(2320, 344, '6662'),
(2321, 344, '6663'),
(2322, 344, '6664'),
(2323, 344, '6665'),
(2324, 344, '6666'),
(2325, 344, '6667'),
(2326, 344, '6668'),
(2327, 344, '6669'),
(2328, 345, '6667'),
(2329, 345, '6668'),
(2330, 345, '6669'),
(2331, 345, '7000'),
(2332, 346, '6663'),
(2333, 346, '6664'),
(2334, 346, '6665'),
(2335, 346, '6666'),
(2336, 346, '6667'),
(2337, 346, '6668'),
(2338, 346, '6669'),
(2339, 347, '6667'),
(2340, 348, '6667'),
(2341, 349, '6667'),
(2342, 350, '6667'),
(2343, 351, '6667'),
(2344, 351, '6668'),
(2345, 352, '6660'),
(2346, 352, '6661'),
(2347, 352, '6662'),
(2348, 352, '6663'),
(2349, 352, '6664'),
(2350, 352, '6665'),
(2351, 352, '6666'),
(2352, 352, '6667'),
(2353, 352, '6668'),
(2354, 352, '6669'),
(2355, 352, '7000'),
(2356, 353, '6665'),
(2357, 353, '6666'),
(2358, 353, '6667'),
(2359, 353, '6668'),
(2360, 353, '6669'),
(2361, 354, '6667'),
(2362, 355, '6667'),
(2363, 356, '6667'),
(2364, 357, '6666'),
(2365, 357, '6667'),
(2366, 357, '6668'),
(2367, 358, '6661'),
(2368, 358, '6662'),
(2369, 358, '6663'),
(2370, 358, '6664'),
(2371, 358, '6665'),
(2372, 358, '6666'),
(2373, 358, '6667'),
(2374, 358, '6668'),
(2375, 358, '6669'),
(2376, 358, '7000'),
(2377, 359, '6667'),
(2378, 360, '6667'),
(2379, 361, '6667'),
(2380, 362, '6667'),
(2381, 363, '6660'),
(2382, 363, '6661'),
(2383, 363, '6662'),
(2384, 363, '6663'),
(2385, 363, '6664'),
(2386, 363, '6665'),
(2387, 363, '6666'),
(2388, 363, '6667'),
(2389, 363, '6668'),
(2390, 363, '6669'),
(2391, 363, '7000'),
(2392, 364, '6667'),
(2393, 365, '6660'),
(2394, 365, '6661'),
(2395, 365, '6662'),
(2396, 365, '6663'),
(2397, 365, '6664'),
(2398, 365, '6665'),
(2399, 365, '6666'),
(2400, 365, '6667'),
(2401, 365, '6668'),
(2402, 365, '6669'),
(2403, 365, '7000'),
(2404, 366, '6667'),
(2405, 367, '6667'),
(2406, 368, '6660'),
(2407, 368, '6661'),
(2408, 368, '6662'),
(2409, 368, '6663'),
(2410, 368, '6664'),
(2411, 368, '6665'),
(2412, 368, '6666'),
(2413, 368, '6667'),
(2414, 368, '6668'),
(2415, 368, '6669'),
(2416, 369, '7000'),
(2417, 370, '6667'),
(2418, 371, '6667'),
(2419, 372, '6667'),
(2420, 373, '6667'),
(2421, 374, '6667'),
(2422, 374, '6668'),
(2423, 374, '6669'),
(2424, 374, '7000'),
(2425, 375, '6666'),
(2426, 375, '6667'),
(2427, 375, '6668'),
(2428, 375, '6669'),
(2429, 376, '6666'),
(2430, 376, '6667'),
(2431, 376, '6668'),
(2432, 376, '6669'),
(2433, 376, '9999'),
(2434, 377, '6660'),
(2435, 377, '6661'),
(2436, 377, '6662'),
(2437, 377, '6663'),
(2438, 377, '6664'),
(2439, 377, '6665'),
(2440, 377, '6666'),
(2441, 377, '6667'),
(2442, 377, '6668'),
(2443, 378, '6666'),
(2444, 378, '6667'),
(2445, 378, '6668'),
(2446, 378, '6669'),
(2447, 379, '6660'),
(2448, 379, '6661'),
(2449, 379, '6662'),
(2450, 379, '6663'),
(2451, 379, '6664'),
(2452, 379, '6665'),
(2453, 379, '6666'),
(2454, 379, '6667'),
(2455, 379, '6668'),
(2456, 379, '6669'),
(2457, 379, '6670'),
(2458, 379, '7000'),
(2459, 380, '6660'),
(2460, 380, '6665'),
(2461, 380, '6666'),
(2462, 380, '6667'),
(2463, 380, '7000'),
(2464, 381, '6660'),
(2465, 381, '6661'),
(2466, 381, '6662'),
(2467, 381, '6663'),
(2468, 381, '6664'),
(2469, 381, '6665'),
(2470, 381, '6666'),
(2471, 381, '6667'),
(2472, 381, '7000'),
(2473, 382, '6667'),
(2474, 383, '6667'),
(2475, 384, '6667'),
(2476, 385, '6667'),
(2477, 386, '6660'),
(2478, 386, '6661'),
(2479, 386, '6662'),
(2480, 386, '6663'),
(2481, 386, '6664'),
(2482, 386, '6665'),
(2483, 386, '6666'),
(2484, 386, '6667'),
(2485, 386, '6668'),
(2486, 386, '6669'),
(2487, 386, '7000'),
(2488, 387, '6667'),
(2489, 388, '6660'),
(2490, 388, '6661'),
(2491, 388, '6662'),
(2492, 388, '6663'),
(2493, 388, '6664'),
(2494, 388, '6665'),
(2495, 389, '7000'),
(2496, 390, '6667'),
(2497, 391, '6667'),
(2498, 392, '6667'),
(2499, 393, '6660'),
(2500, 393, '6661'),
(2501, 393, '6662'),
(2502, 393, '6663'),
(2503, 393, '6664'),
(2504, 393, '6665'),
(2505, 393, '6666'),
(2506, 393, '6667'),
(2507, 393, '6668'),
(2508, 393, '6669'),
(2509, 394, '6664'),
(2510, 394, '6665'),
(2511, 394, '6666'),
(2512, 394, '6667'),
(2513, 394, '6668'),
(2514, 394, '6669'),
(2515, 395, '6667'),
(2516, 396, '6666'),
(2517, 396, '6667'),
(2518, 396, '6668'),
(2519, 396, '6669'),
(2520, 396, '7000'),
(2521, 397, '6660'),
(2522, 397, '6661'),
(2523, 397, '6662'),
(2524, 397, '6663'),
(2525, 397, '6664'),
(2526, 397, '6665'),
(2527, 397, '6666'),
(2528, 397, '6667'),
(2529, 398, '6667'),
(2530, 398, '7000'),
(2531, 399, '6667'),
(2532, 400, '6666'),
(2533, 400, '6667'),
(2534, 400, '6668'),
(2535, 400, '6669'),
(2536, 401, '6660'),
(2537, 401, '6661'),
(2538, 401, '6662'),
(2539, 401, '6663'),
(2540, 401, '6664'),
(2541, 401, '6665'),
(2542, 401, '6666'),
(2543, 401, '6667'),
(2544, 401, '6668'),
(2545, 401, '6669'),
(2546, 402, '6667'),
(2547, 402, '6668'),
(2548, 402, '6669'),
(2549, 402, '7000'),
(2550, 403, '6661'),
(2551, 403, '6662'),
(2552, 403, '6663'),
(2553, 403, '6664'),
(2554, 403, '6665'),
(2555, 403, '6666'),
(2556, 403, '6667'),
(2557, 403, '6668'),
(2558, 403, '6669'),
(2559, 404, '6667'),
(2560, 404, '7000'),
(2561, 405, '6667'),
(2562, 406, '6667'),
(2563, 407, '6667'),
(2564, 408, '6667'),
(2565, 409, '6661'),
(2566, 409, '6662'),
(2567, 409, '6663'),
(2568, 409, '6664'),
(2569, 409, '6665'),
(2570, 409, '6666'),
(2571, 409, '6667'),
(2572, 409, '6668'),
(2573, 409, '6669'),
(2574, 410, '6660'),
(2575, 410, '6661'),
(2576, 410, '6662'),
(2577, 410, '6663'),
(2578, 410, '6664'),
(2579, 410, '6665'),
(2580, 410, '6666'),
(2581, 410, '6667'),
(2582, 410, '6668'),
(2583, 410, '6669'),
(2584, 411, '6667'),
(2585, 412, '6667');

-- --------------------------------------------------------

--
-- Tabellenstruktur für Tabelle `user`
--

CREATE TABLE IF NOT EXISTS `user` (
  `id` int(11) unsigned NOT NULL AUTO_INCREMENT,
  `network` varchar(255) COLLATE utf8_unicode_ci NOT NULL,
  `authorizations` enum('none','user','admin') COLLATE utf8_unicode_ci NOT NULL DEFAULT 'none',
  `host` varchar(255) COLLATE utf8_unicode_ci NOT NULL,
  PRIMARY KEY (`id`)
) ENGINE=MyISAM DEFAULT CHARSET=utf8 COLLATE=utf8_unicode_ci AUTO_INCREMENT=1 ;

--
-- Daten für Tabelle `user`
--


-- --------------------------------------------------------

--
-- Tabellenstruktur für Tabelle `web`
--

CREATE TABLE IF NOT EXISTS `web` (
  `id` int(11) unsigned NOT NULL AUTO_INCREMENT,
  `email` varchar(255) COLLATE utf8_unicode_ci NOT NULL,
  `password` varchar(255) COLLATE utf8_unicode_ci NOT NULL,
  `sid` varchar(255) COLLATE utf8_unicode_ci NOT NULL,
  PRIMARY KEY (`id`)
) ENGINE=MyISAM DEFAULT CHARSET=utf8 COLLATE=utf8_unicode_ci AUTO_INCREMENT=1 ;

--
-- Daten für Tabelle `web`
--


-- --------------------------------------------------------

--
-- Tabellenstruktur für Tabelle `write`
--

CREATE TABLE IF NOT EXISTS `write` (
  `id` int(11) unsigned NOT NULL AUTO_INCREMENT,
  `bot_id` int(11) unsigned NOT NULL DEFAULT '0',
  `text` text COLLATE utf8_unicode_ci NOT NULL,
  PRIMARY KEY (`id`)
) ENGINE=MyISAM DEFAULT CHARSET=utf8 COLLATE=utf8_unicode_ci AUTO_INCREMENT=1 ;

--
-- Daten für Tabelle `write`
--

